GEOID,MHI_2013,MHI_2023,Rent_2013,Rent_2023,Value_2013,Value_2023,Income_Change_%,Rent_Change_%,Value_Change_%,OwnerPct_2013,RenterPct_2013,OwnerPct_2023,RenterPct_2023,OwnerChangePct,RenterChangePct,Pct_White_2013,Pct_Black_2013,Pct_Hispanic_2013,Pct_White_2023,Pct_Black_2023,Pct_Hispanic_2023,White_Change_Pct,Black_Change_Pct,Hispanic_Change_Pct
24031007004,123173.0,183672.0,1328.0,1530.0,600200.0,811800.0,49.1170954673508,15.210843373493976,35.25491502832389,85.62874251497006,14.37125748502994,85.88807785888078,14.11192214111922,0.2593353439107204,-0.2593353439107186,88.57273978889398,4.45158329508949,2.2946305644791187,71.57643312101911,11.624203821656051,16.003184713375795,-16.996306667874876,7.172620526566561,13.708554148896676
24031007005,104648.0,197727.0,1637.0,1934.0,455100.0,700200.0,88.94484366638636,18.142944410507024,53.85629531970996,92.6042486231314,7.395751376868607,90.94357515410148,9.05642484589853,-1.6606734690299163,1.6606734690299223,83.03926243840407,10.141471944047051,8.218089333969163,75.7721054858271,2.7781695106472992,11.281906642222536,-7.267156952576968,-7.3633024333997525,3.0638173082533733
24031007018,63355.0,100114.0,1058.0,1449.0,569600.0,857800.0,58.020677136769,36.95652173913043,50.59691011235955,48.06939003917179,51.9306099608282,52.85412262156448,47.14587737843552,4.784732582392685,-4.784732582392678,46.68615984405458,45.84795321637427,4.3274853801169595,42.65455351207623,43.274983381342786,5.406603146465765,-4.031606331978352,-2.5729698350314862,1.0791177663488059
24031007019,55833.0,57283.0,1208.0,1447.0,388700.0,597900.0,2.5970304300324183,19.78476821192053,53.82042706457422,16.61608497723824,83.38391502276176,29.513343799058084,70.48665620094191,12.897258821819843,-12.897258821819849,50.03367003367003,21.07744107744108,36.0942760942761,32.594936708860764,8.860759493670885,52.594936708860764,-17.438733324809263,-12.216681583770194,16.500660614584667
24031007020,47904.0,67902.0,1208.0,1629.0,255400.0,386100.0,41.74599198396793,34.85099337748344,51.17462803445576,44.157369348209045,55.84263065179096,39.19563735514656,60.80436264485344,-4.961731993062486,4.961731993062486,20.382724719101123,17.117275280898877,64.55407303370787,14.065180102915953,21.732418524871356,67.73584905660377,-6.31754461618517,4.615143243972479,3.181776022895903
24031007022,130893.0,198906.0,1290.0,2013.0,437300.0,599500.0,51.96076184364328,56.04651162790698,37.09124171049623,90.7313997477932,9.26860025220681,84.13333333333334,15.866666666666667,-6.598066414459851,6.598066414459858,64.58559930389384,9.310419839025451,25.51664128779639,57.40785940932389,13.985843299975592,15.84085916524286,-7.177739894569953,4.675423460950141,-9.67578212255353
24031007025,64977.0,,1533.0,,249200.0,,,,,,,,,,,,,,,,,,,
24031007027,94167.0,131076.0,1373.0,1892.0,608000.0,857700.0,39.195259485807135,37.80043699927167,41.06907894736842,50.50423557886244,49.49576442113756,58.12244897959184,41.87755102040816,7.618213400729395,-7.618213400729395,52.815364469663905,21.32984140840972,20.485959551869634,40.38383565346668,28.81470468982295,12.974726314366805,-12.431528816197222,7.484863281413229,-7.511233237502829
24031007028,96181.0,148911.0,1733.0,2003.0,539200.0,707500.0,54.823717782098335,15.579919215233698,31.21290801186944,49.1588785046729,50.8411214953271,53.88371060807812,46.11628939192188,4.72483210340522,-4.72483210340522,62.36401673640167,24.8326359832636,10.397489539748953,64.46235574281005,21.377541674299323,9.140868290895767,2.0983390064083736,-3.455094308964277,-1.256621248853186
24031007029,110956.0,154312.0,1376.0,1562.0,634700.0,859000.0,39.074948628285085,13.517441860465116,35.339530486844176,70.74372759856631,29.25627240143369,67.69425675675676,32.30574324324324,-3.0494708418095517,3.0494708418095517,73.48388271717356,15.042797304680386,6.337643416499727,74.23703426324658,9.979404605879049,11.402359108781127,0.7531515460730276,-5.063392698801337,5.0647156922814
24031007030,109722.0,168750.0,1900.0,2421.0,415500.0,600900.0,53.79777984360474,27.421052631578945,44.62093862815885,85.77524893314367,14.224751066856332,92.96636085626912,7.033639143730887,7.191111923125448,-7.191111923125445,66.73629242819842,19.216710182767624,14.308093994778067,66.57397107897664,7.563959955506118,16.295884315906566,-0.16232134922178432,-11.652750227261507,1.9877903211284984
24031007031,105089.0,172105.0,1924.0,2149.0,382500.0,553000.0,63.77070863744064,11.694386694386695,44.575163398692816,84.74148802017655,15.258511979823457,82.99805321219988,17.00194678780013,-1.7434348079766693,1.7434348079766746,70.72749691738595,9.741060419235511,25.524044389642413,47.53241321622752,13.090757005437057,28.732747804265994,-23.19508370115843,3.3496965862015458,3.2087034146235816
24031007038,66174.0,79806.0,1492.0,2023.0,404100.0,608400.0,20.600235742134373,35.58981233243968,50.55679287305123,18.11894882434301,81.88105117565698,34.987384356602185,65.01261564339781,16.86843553225917,-16.86843553225917,33.92511297611362,22.53066494512589,29.761136216914135,24.765200197726152,48.78892733564014,20.8353929807217,-9.159912778387465,26.25826239051425,-8.925743236192435
24031007040,75912.0,140781.0,1221.0,1549.0,371200.0,559900.0,85.45289282326904,26.863226863226863,50.835129310344826,63.69529983792545,36.30470016207455,58.80819366852887,41.191806331471135,-4.887106169396581,4.887106169396581,44.72263868065967,24.31784107946027,22.57871064467766,45.016315633343225,14.417086917828536,31.1183625037081,0.29367695268355476,-9.900754161631733,8.539651859030439
24031007041,161200.0,210329.0,2000.0,3500.0,757000.0,1052800.0,30.477047146401983,75.0,39.07529722589168,86.31578947368422,13.684210526315791,91.40914709517924,8.590852904820766,5.0933576214950165,-5.093357621495025,91.28047441247529,3.2066769163189104,2.086536349659565,81.65562913907284,4.260485651214128,6.335540838852097,-9.624845273402443,1.0538087348952176,4.249004489192532
24031007042,106000.0,149698.0,1379.0,2105.0,643200.0,919400.0,41.22452830188679,52.64684554024656,42.941542288557216,52.41545893719807,47.58454106280193,60.83333333333333,39.16666666666666,8.417874396135261,-8.417874396135268,80.36939313984169,6.437994722955145,4.274406332453825,67.7491103202847,5.338078291814947,13.923487544483987,-12.62028281955699,-1.0999164311401985,9.649081212030161
24031007043,137500.0,206985.0,2000.0,2801.0,636900.0,901700.0,50.53454545454545,40.05,41.5763856178364,88.3076923076923,11.692307692307692,88.19241982507289,11.807580174927114,-0.1152724826194173,0.1152724826194226,89.25444414964181,1.8572565667285754,8.516847970283894,77.67767767767768,3.8288288288288284,2.7277277277277276,-11.576766471964135,1.971572262100253,-5.789120242556167
24031007046,148669.0,204559.0,2000.0,2404.0,718400.0,1116100.0,37.59358036981482,20.200000000000003,55.35913140311804,81.03632478632478,18.963675213675213,70.85656360871769,29.14343639128231,-10.17976117760709,10.179761177607098,84.31521121424512,1.7806402727789354,6.5542716423565075,68.66368410815016,7.430460999805486,6.983077222330286,-15.65152710609496,5.64982072702655,0.4288055799737789
24031007047,234659.0,250000.0,2000.0,1872.0,1000000.0,1631900.0,6.5375715399792895,-6.4,63.190000000000005,92.00298953662184,7.997010463378176,87.25701943844493,12.742980561555076,-4.7459700981768975,4.745970098176899,88.65179437439379,1.4064015518913677,5.625606207565471,74.14034106793402,6.206318143695834,8.30304724629578,-14.51145330645977,4.799916591804466,2.6774410387303087
24031007050,131848.0,203203.0,2000.0,3500.0,760400.0,1127600.0,54.11913718827741,75.0,48.290373487638085,66.77740863787376,33.222591362126245,63.40269277845777,36.59730722154223,-3.3747158594159927,3.3747158594159856,85.36761172513215,6.727534839019703,9.058145122537242,74.65676344812064,3.848750844024308,7.539950483907269,-10.710848277011507,-2.878783994995395,-1.5181946386299732
24031007051,175662.0,223313.0,2000.0,2423.0,907000.0,1292400.0,27.1265270804158,21.15,42.49173098125689,81.14794656110837,18.85205343889164,81.80435884439939,18.195641155600608,0.6564122832910186,-0.6564122832910293,86.46320913686576,5.373525557011796,5.65437184047931,79.35890309431166,9.412636649990736,4.354270891235871,-7.1043060425541,4.03911109297894,-1.300100949243439
24031007052,250000.0,250000.0,2000.0,3500.0,969900.0,1366300.0,0.0,75.0,40.87019280338179,97.27831431079896,2.721685689201053,90.51282051282053,9.487179487179487,-6.765493797978436,6.765493797978434,94.45259759319049,0.6163780452010567,9.656589374816555,83.62537764350452,3.564954682779456,3.3534743202416917,-10.827219949685968,2.948576637578399,-6.303115054574864
24031007053,250000.0,250000.0,2000.0,3500.0,1000000.0,2000000.0,0.0,75.0,100.0,97.30941704035877,2.690582959641256,97.0059880239521,2.9940119760479043,-0.3034290164066533,0.3034290164066484,95.80562659846548,0.0,2.608695652173913,91.39784946236558,0.0,5.21505376344086,-4.407777136099895,0.0,2.606358111266947
24031007054,250000.0,250000.0,2000.0,3500.0,1000000.0,1678700.0,0.0,75.0,67.86999999999999,94.42190669371196,5.578093306288032,94.46092977250248,5.539070227497527,0.039023078790521,-0.039023078790505,91.9287211740042,0.6638714185883997,4.786862334032145,83.70319001386962,0.5894590846047156,5.305131761442441,-8.22553116013458,-0.07441233398368408,0.5182694274102957
24031007058,185500.0,244468.0,2000.0,2986.0,932600.0,1272000.0,31.78867924528302,49.3,36.39288012009436,85.40017590149517,14.599824098504838,82.7720207253886,17.2279792746114,-2.6281551761065742,2.628155176106562,89.26195755464047,2.0589166930630345,2.7874564459930316,79.71130713712911,3.897353648757017,4.731355252606255,-9.550650417511363,1.8384369556939824,1.9438988066132232
24031700101,159663.0,191146.0,1417.0,,617600.0,767200.0,19.718406894521586,,24.22279792746114,99.9366687777074,0.0633312222925902,96.50909090909092,3.490909090909091,-3.4275778686164955,3.427577868616501,74.8715657806567,7.572034844762117,10.83314719678356,70.77509529860228,9.932232105040237,11.795849216433714,-4.096470482054414,2.3601972602781203,0.9627020196501537
24031700103,154265.0,198375.0,2000.0,1214.0,617100.0,836700.0,28.59365377759051,-39.3,35.585804569761784,97.9381443298969,2.061855670103093,94.38888888888889,5.611111111111111,-3.5492554410080146,3.549255441008018,71.81440443213296,9.36634349030471,6.85595567867036,62.01168309602044,10.113179992698065,6.955093099671412,-9.80272133611252,0.7468365023933554,0.0991374210010525
24031700104,112337.0,116296.0,1676.0,1696.0,332900.0,441500.0,3.5242173104142003,1.1933174224343674,32.62240913187144,83.29369797859691,16.70630202140309,94.90968801313628,5.090311986863712,11.61599003453938,-11.61599003453938,50.764413335789285,23.834960397863327,23.006078467489406,43.01788225838859,29.375125577657222,30.05826803295158,-7.746531077400697,5.540165179793895,7.052189565462175
24031700105,103480.0,134514.0,1638.0,2481.0,322500.0,438800.0,29.99033629686896,51.46520146520146,36.06201550387597,88.10759792354884,11.892402076451155,86.9380028395646,13.061997160435402,-1.169595083984234,1.1695950839842464,50.04478948939982,24.54464019110182,15.586742311137652,28.589670828603857,26.16345062429058,18.98410896708286,-21.45511866079596,1.6188104331887594,3.397366655945209
24031700204,84175.0,118971.0,1676.0,1866.0,398200.0,493700.0,41.33768933768934,11.336515513126493,23.98292315419388,90.8466819221968,9.153318077803204,94.3109987357775,5.689001264222504,3.4643168135807088,-3.464316813580699,90.86935405536668,0.6799417192812044,9.47061680427392,75.22816166883963,4.519774011299435,10.386788352890047,-15.641192386527052,3.839832292018231,0.916171548616127
24031700205,149537.0,,1625.0,,497300.0,,,,,,,,,,,,,,,,,,,
24031700206,125593.0,177708.0,1769.0,,441100.0,566500.0,41.49514702252514,,28.428927680798004,96.88796680497926,3.112033195020747,95.96730245231608,4.032697547683924,-0.9206643526631808,0.9206643526631768,83.99216524216524,5.715811965811966,7.87037037037037,62.543372657876475,8.743927827897293,17.852185981956975,-21.448792584288768,3.0281158620853272,9.981815611586605
24031700207,84531.0,130044.0,1544.0,1654.0,304700.0,425100.0,53.84178585371048,7.124352331606218,39.51427633738104,84.8108108108108,15.18918918918919,77.48827514330381,22.5117248566962,-7.322535667506997,7.322535667507008,73.72634643377002,14.173944687045124,15.1018922852984,53.430906671735414,16.973959323322564,21.44079072419692,-20.295439762034604,2.8000146362774405,6.33889843889852
24031700208,100375.0,125167.0,985.0,1606.0,423500.0,513600.0,24.699377334993773,63.045685279187815,21.27508854781582,84.16666666666667,15.833333333333332,95.55895865237366,4.44104134762634,11.39229198570699,-11.392291985706992,93.18533815178111,0.619514713474445,4.491481672689726,68.41038118410381,5.231143552311435,13.990267639902676,-24.774956967677298,4.611628838836991,9.49878596721295
24031700209,,188305.0,,3078.0,,581500.0,,,,,,,,,,,,,,,,,,
24031700210,,181689.0,,2198.0,,660700.0,,,,,,,,,,,,,,,,,,
24031700304,104956.0,,1682.0,,394500.0,,,,,,,,,,,,,,,,,,,
24031700306,110000.0,145724.0,2000.0,2407.0,343500.0,434200.0,32.47636363636364,20.35,26.404657933042213,82.09018120522545,17.909818794774544,83.8209982788296,16.179001721170398,1.7308170736041577,-1.7308170736041468,51.607347876004596,14.88231917336395,16.57577497129736,30.217307445030215,20.509193776520508,18.181818181818183,-21.39004043097438,5.626874603156558,1.6060432105208235
24031700308,90577.0,122361.0,1490.0,2003.0,305800.0,390600.0,35.09058591033043,34.42953020134228,27.730542838456508,73.69658957271659,26.30341042728342,73.63473589973142,26.365264100268572,-0.0618536729851655,0.0618536729851548,56.143767705382444,22.291076487252123,16.519121813031163,40.89127594716214,22.514152997532296,25.214109449847584,-15.252491758220302,0.2230765102801726,8.694987636816421
24031700309,84018.0,96623.0,1508.0,1898.0,260000.0,338900.0,15.0027375086291,25.86206896551724,30.346153846153847,54.55680399500624,45.44319600499376,58.94039735099338,41.05960264900662,4.383593355987138,-4.383593355987138,49.64435527995622,31.95331023162502,19.24129126390662,26.949791625322483,38.440166699742015,23.060130978368722,-22.69456365463374,6.486856468116994,3.8188397144621007
24031700310,78288.0,93338.0,1393.0,1845.0,218100.0,346900.0,19.223891273247496,32.44795405599425,59.05547913801009,57.652880876634846,42.34711912336515,72.93288839451242,27.067111605487582,15.280007517877571,-15.280007517877564,57.781935703350904,23.371321653342406,15.359755060384419,46.474884483529586,24.206290058130868,26.129080339842005,-11.307051219821318,0.8349684047884622,10.769325279457586
24031700311,130114.0,,2000.0,,448300.0,,,,,,,,,,,,,,,,,,,
24031700312,132993.0,,1521.0,,456900.0,,,,,,,,,,,,,,,,,,,
24031700313,,103750.0,,2115.0,,426600.0,,,,,,,,,,,,,,,,,,
24031700314,,216719.0,,2132.0,,745900.0,,,,,,,,,,,,,,,,,,
24031700315,,214688.0,,2719.0,,670000.0,,,,,,,,,,,,,,,,,,
24031700316,,163235.0,,2442.0,,539600.0,,,,,,,,,,,,,,,,,,
24031700317,,171190.0,,3214.0,,678200.0,,,,,,,,,,,,,,,,,,
24031700318,,168214.0,,2531.0,,514100.0,,,,,,,,,,,,,,,,,,
24031700604,166417.0,217679.0,1478.0,3500.0,726100.0,908400.0,30.80334340842582,136.8064952638701,25.10673460955791,94.3820224719101,5.617977528089887,97.205948625507,2.794051374493015,2.8239261535968865,-2.8239261535968723,76.15318906605923,3.9009111617312078,3.6019362186788153,72.5091441111924,3.423555230431602,7.7103145574250185,-3.6440449548668283,-0.47735593129960563,4.108378338746203
24031700606,158375.0,164688.0,2000.0,2473.0,580700.0,758000.0,3.986108918705604,23.65,30.53211641122783,93.80392156862744,6.196078431372549,94.43671766342142,5.563282336578582,0.6327960947939744,-0.6327960947939673,63.63030437680516,0.4443457009553432,3.8880248833592534,50.1,7.875,6.125,-13.530304376805155,7.430654299044657,2.2369751166407466
24031700607,164826.0,,2000.0,,628500.0,,,,,,,,,,,,,,,,,,,
24031700608,232566.0,250000.0,1867.0,3500.0,1000000.0,1341300.0,7.49636662280815,87.46652383502946,34.13,96.60922734852696,3.3907726514730405,93.64719228587634,6.352807714123652,-2.962035062650614,2.962035062650612,61.24721603563474,4.9340414596539315,7.024156244646222,56.06006435466572,3.932785126921702,3.2534858777261353,-5.1871516809690235,-1.0012563327322295,-3.7706703669200867
24031700610,142073.0,159188.0,2000.0,2308.0,481100.0,625500.0,12.046623918689688,15.4,30.014549989607147,96.9655172413793,3.034482758620689,89.9390243902439,10.0609756097561,-7.0264928511354015,7.0264928511354094,72.70964614638875,7.901114881240911,11.003393116820165,69.60941680042804,3.210272873194221,7.490636704119851,-3.100229345960713,-4.69084200804669,-3.5127564127003144
24031700611,151147.0,215000.0,2000.0,3050.0,594100.0,752600.0,42.24562842795424,52.5,26.67901026763172,91.33949191685912,8.660508083140877,92.5260718424102,7.473928157589802,1.186579925551058,-1.186579925551075,35.80394500896593,8.876270173341302,13.389121338912133,20.664404357921057,9.573138060367922,8.537238792641542,-15.139540651044875,0.6968678870266203,-4.851882546270591
24031700613,129500.0,164821.0,1732.0,2339.0,550600.0,666600.0,27.27490347490347,35.04618937644342,21.06792589901925,66.68280871670702,33.31719128329298,77.75609756097562,22.243902439024392,11.073288844268603,-11.073288844268586,45.850823377462056,13.23861801743623,7.103648692282855,36.09851919008764,16.228467815049864,11.952251435478997,-9.752304187374413,2.989849797613635,4.8486027431961425
24031700614,74389.0,86460.0,1502.0,1810.0,211700.0,325400.0,16.226861498339808,20.505992010652463,53.708077468115256,58.89811980760822,41.10188019239178,63.29113924050633,36.70886075949368,4.3930194328981145,-4.393019432898107,53.421368547418965,20.36814725890356,19.187675070028014,21.464646464646464,44.27609427609428,20.185185185185187,-31.9567220827725,23.90794701719072,0.9975101151571728
24031700615,145417.0,210000.0,2000.0,2719.0,609600.0,789000.0,44.41227641885062,35.95,29.429133858267715,97.27272727272728,2.727272727272727,92.10526315789474,7.894736842105263,-5.167464114832541,5.167464114832535,83.00312825860271,4.344803614876608,4.449078901633646,63.2328024398509,6.641816333446289,6.065740426973907,-19.770325818751814,2.2970127185696807,1.6166615253402608
24031700616,127228.0,177768.0,2000.0,2538.0,543100.0,758500.0,39.72396013456157,26.9,39.66120419812189,89.24434638720354,10.75565361279647,93.8682322243966,6.131767775603391,4.623885837193072,-4.623885837193079,62.713387241689134,10.714285714285714,3.167115902964959,53.37411584783024,5.7923915121391705,9.061364939782068,-9.339271393858894,-4.921894202146543,5.89424903681711
24031700617,,181042.0,,1994.0,,739800.0,,,,,,,,,,,,,,,,,,
24031700618,,207875.0,,3500.0,,825900.0,,,,,,,,,,,,,,,,,,
24031700704,72554.0,,1164.0,,358400.0,,,,,,,,,,,,,,,,,,,
24031700706,69444.0,102917.0,1411.0,1932.0,323200.0,513600.0,48.20142848914233,36.92416725726435,58.91089108910891,42.5914445133292,57.4085554866708,36.422413793103445,63.57758620689656,-6.169030720225756,6.169030720225756,37.769130998702984,23.761348897535665,29.416342412451364,25.91703056768559,20.131004366812228,28.36244541484716,-11.852100431017394,-3.6303445307234377,-1.0538969976042054
24031700710,92269.0,121823.0,1582.0,1791.0,375400.0,504200.0,32.0302593503777,13.211125158027812,34.310069259456576,81.74334140435835,18.25665859564165,78.67752755150934,21.322472448490657,-3.065813852849004,3.0658138528490118,53.07692307692308,14.711538461538462,31.121794871794872,30.026300409117475,9.248977206312098,40.28345996493279,-23.050622667805605,-5.462561255226364,9.161665093137916
24031700711,97632.0,116150.0,1576.0,2405.0,379900.0,518500.0,18.967141920681744,52.60152284263959,36.483285075019744,75.44513457556936,24.55486542443064,70.61704211557297,29.38295788442703,-4.828092459996384,4.828092459996388,56.291845493562235,12.30901287553648,17.356223175965667,32.186732186732186,17.011128775834656,26.232114467408586,-24.10511330683005,4.7021159002981765,8.875891291442919
24031700713,48485.0,53333.0,1373.0,1844.0,228800.0,294700.0,9.998968753222648,34.304442825928625,28.80244755244756,32.63598326359833,67.36401673640168,35.08064516129033,64.91935483870968,2.4446618976920007,-2.4446618976920007,38.30205540661304,24.18230563002681,39.839142091152816,21.40357698289269,22.045101088646966,50.991446345256605,-16.898478423720352,-2.1372045413798446,11.15230425410379
24031700715,98433.0,104456.0,2000.0,2298.0,304300.0,389700.0,6.118882894964087,14.9,28.064410121590537,86.07046070460704,13.929539295392953,78.37521917007598,21.62478082992402,-7.695241534531064,7.695241534531068,38.232008935694914,25.514600287218762,28.913355672570606,28.56709168184578,15.513054037644203,51.244687310261085,-9.664917253849133,-10.00154624957456,22.33133163769048
24031700716,83726.0,,1546.0,,277900.0,,,,,,,,,,,,,,,,,,,
24031700717,66964.0,,1361.0,,318000.0,,,,,,,,,,,,,,,,,,,
24031700718,113679.0,120918.0,2000.0,2470.0,472100.0,606200.0,6.367930752381707,23.5,28.40499894090235,43.03170409511228,56.96829590488771,51.698670605613,48.301329394387,8.666966510500714,-8.666966510500714,62.908919745822544,10.967286420334196,5.318898564368086,54.00139178844816,8.872651356993737,10.020876826722338,-8.907527957374384,-2.0946350633404585,4.701978262354252
24031700719,55013.0,,1258.0,,200700.0,,,,,,,,,,,,,,,,,,,
24031700720,94624.0,151667.0,1421.0,2178.0,401400.0,545300.0,60.283860331416975,53.27234342012667,35.84952665670155,73.93410852713178,26.06589147286822,55.59471365638766,44.40528634361233,-18.339394870744123,18.339394870744112,51.70068027210885,11.48299319727891,36.87074829931973,29.26255230125523,25.026150627615063,41.78870292887029,-22.438127970853618,13.543157430336153,4.9179546295505645
24031700721,60648.0,75058.0,1240.0,1755.0,168600.0,211600.0,23.76005803983644,41.53225806451613,25.50415183867141,42.78544542032623,57.21455457967378,58.53080568720379,41.46919431279621,15.745360266877562,-15.745360266877569,53.95569620253164,29.707278481012654,22.66613924050633,49.057697883444476,20.759640475500145,41.72223832995071,-4.897998319087165,-8.947638005512509,19.056099089444384
24031700722,77614.0,,1470.0,,255300.0,,,,,,,,,,,,,,,,,,,
24031700723,62431.0,93846.0,1559.0,2129.0,299500.0,457900.0,50.31955278627605,36.56189865298269,52.88814691151919,20.506454816286,79.493545183714,12.09862385321101,87.90137614678899,-8.40783096307499,8.407830963074986,72.69383135257499,15.70458404074703,10.922467458970006,58.68105515587529,19.59232613908873,8.896882494004796,-14.012776196699697,3.8877420983417004,-2.0255849649652102
24031700724,44784.0,63361.0,1269.0,1485.0,145700.0,530200.0,41.48133261879243,17.02127659574468,263.8984214138641,14.388489208633093,85.61151079136691,6.1465721040189125,93.85342789598108,-8.241917104614181,8.241917104614174,31.50937596065171,27.697509990777743,34.61420227482324,21.81107099879663,24.30806257521059,40.37304452466907,-9.69830496185508,-3.389447415567151,5.758842249845827
24031700725,,72031.0,,1916.0,,279200.0,,,,,,,,,,,,,,,,,,
24031700726,,,,1889.0,,490800.0,,,,,,,,,,,,,,,,,,
24031700727,,85500.0,,1568.0,,440800.0,,,,,,,,,,,,,,,,,,
24031700728,,99444.0,,2111.0,,554000.0,,,,,,,,,,,,,,,,,,
24031700729,,130833.0,,1824.0,,445400.0,,,,,,,,,,,,,,,,,,
24031700730,,111842.0,,1850.0,,471900.0,,,,,,,,,,,,,,,,,,
24031700731,,77281.0,,2084.0,,471300.0,,,,,,,,,,,,,,,,,,
24031700732,,80375.0,,1486.0,,314400.0,,,,,,,,,,,,,,,,,,
24031700733,,86231.0,,1837.0,,304400.0,,,,,,,,,,,,,,,,,,
24031700810,99960.0,153281.0,1738.0,2253.0,336300.0,398200.0,53.342336934773904,29.63176064441887,18.4061849539102,86.76470588235294,13.23529411764706,82.78641335636155,17.213586643638457,-3.978292525991392,3.9782925259913977,52.90964777947933,30.130168453292494,17.094180704441044,26.024834155468618,28.42320122469808,31.978227589726142,-26.88481362401071,-1.706967228594415,14.884046885285098
24031700811,83389.0,90217.0,1846.0,2327.0,267700.0,371700.0,8.188130328940268,26.05633802816901,38.84945834889802,67.9375,32.0625,72.41610738255034,27.583892617449663,4.4786073825503365,-4.4786073825503365,49.465558194774346,21.318289786223275,36.67854315122724,25.266297400937365,30.315296122709846,37.409458883681296,-24.19926079383698,8.99700633648657,0.7309157324540578
24031700812,76471.0,90919.0,1415.0,2160.0,268500.0,346700.0,18.89343672764839,52.65017667844523,29.124767225325886,74.4186046511628,25.58139534883721,77.84431137724552,22.15568862275449,3.4257067260827228,-3.4257067260827228,65.61521791476042,10.98001444738743,28.557669154827835,43.52580927384077,20.10061242344707,25.04374453193351,-22.08940864091965,9.12059797605964,-3.5139246228943257
24031700813,76018.0,102468.0,1234.0,1626.0,243400.0,367600.0,34.794390802178434,31.766612641815232,51.02711585866886,72.67297162767547,27.32702837232454,76.91556857003417,23.08443142996584,4.242596942358702,-4.242596942358702,52.881302849984344,21.813341684935796,30.159724397118698,38.24806494242024,17.1040211440438,31.9614876345101,-14.633237907564101,-4.709320540891998,1.8017632373914019
24031700815,90962.0,106404.0,1796.0,2296.0,268200.0,366500.0,16.976319781886943,27.839643652561247,36.6517524235645,83.73540856031128,16.264591439688715,79.73291437549096,20.26708562450904,-4.002494184820321,4.002494184820321,51.58827874907658,20.49987687761635,32.63974390544201,26.54747225647349,30.22194821208385,35.94327990135635,-25.04080649260309,9.722071334467497,3.3035359959143378
24031700816,72681.0,,1407.0,,286400.0,,,,,,,,,,,,,,,,,,,
24031700817,84583.0,,1733.0,,373300.0,,,,,,,,,,,,,,,,,,,
24031700818,65422.0,79668.0,1404.0,1776.0,244600.0,370400.0,21.775549509339363,26.495726495726498,51.43090760425184,24.685343077547707,75.3146569224523,22.22222222222222,77.77777777777779,-2.463120855325485,2.463120855325485,38.66586175671597,34.89284636281316,28.086326592212497,20.26064555235642,28.17093499015002,40.11213820275799,-18.40521620435955,-6.72191137266314,12.025811610545492
24031700819,75343.0,102798.0,1672.0,2099.0,258800.0,360100.0,36.44001433444381,25.53827751196172,39.14219474497681,88.08152414709792,11.918475852902082,68.92797319932998,31.072026800670017,-19.15355094776794,19.153550947767933,58.283089290841225,22.064312374389893,23.786965259833476,34.96845425867508,16.94006309148265,26.072555205047323,-23.314635032166144,-5.124249282907243,2.2855899452138466
24031700820,62558.0,86746.0,1521.0,2105.0,415100.0,550500.0,38.664918955209565,38.39579224194608,32.618646109371234,25.35804549283909,74.64195450716092,40.1010101010101,59.898989898989896,14.742964608171008,-14.742964608171022,48.75,32.939189189189186,27.432432432432428,16.421167484997273,19.93998908892526,46.672122204037095,-32.32883251500273,-12.999200100263927,19.239689771604667
24031700822,65476.0,79183.0,1356.0,1691.0,135500.0,167200.0,20.9343881727656,24.70501474926253,23.39483394833948,54.69448584202683,45.30551415797318,54.179566563467496,45.82043343653251,-0.5149192785593328,0.5149192785593328,41.22609673790777,11.07986501687289,37.68278965129358,42.33817701453104,30.713342140026423,16.050198150594454,1.1120802766232742,19.633477123153533,-21.632591500699128
24031700823,109417.0,160789.0,2000.0,2732.0,379100.0,536900.0,46.95065666212746,36.6,41.62490108150884,88.996138996139,11.003861003861005,89.94229183841715,10.057708161582852,0.9461528422781528,-0.9461528422781528,63.71868397223061,4.769091457893148,15.937217023845458,48.78199198273204,19.02559358618563,12.51927227875424,-14.93669198949857,14.256502128292482,-3.4179447450912175
24031700824,132930.0,220385.0,1495.0,2163.0,617600.0,748000.0,65.79026555329874,44.68227424749164,21.1139896373057,90.47131147540983,9.528688524590164,93.96471680594244,6.035283194057568,3.493405330532596,-3.493405330532596,75.50681289464939,11.432369557992688,7.976071784646062,63.548136645962735,4.192546583850932,4.309006211180124,-11.95867624868665,-7.239822974141756,-3.667065573465938
24031700826,122981.0,165700.0,1823.0,2369.0,542800.0,767300.0,34.73626007269416,29.95063082830499,41.35961680176861,64.12386706948641,35.87613293051359,71.32784958871915,28.67215041128085,7.2039825192327385,-7.203982519232746,77.48645341723474,6.275126726096836,7.32389442405174,71.026814911707,2.7795945062132112,7.586657946370176,-6.459638505527735,-3.495532219883625,0.26276352231843614
24031700828,154896.0,212065.0,1685.0,2133.0,599600.0,848200.0,36.90798987707881,26.58753709198813,41.46097398265511,91.92708333333334,8.072916666666668,86.81818181818181,13.18181818181818,-5.10890151515153,5.108901515151512,74.08333333333333,1.375,6.208333333333333,57.35080058224163,4.9975739932071805,4.9975739932071805,-16.732532751091696,3.6225739932071805,-1.2107593401261525
24031700829,128594.0,150052.0,2000.0,2713.0,428800.0,480400.0,16.686626125635723,35.65,12.03358208955224,89.85868661679135,10.141313383208644,82.44147157190636,17.558528428093645,-7.417215044884983,7.417215044885001,65.18004625041294,4.129501156260323,13.974231912784935,50.92789777912991,5.476118040766656,13.781563735929419,-14.252148471283036,1.346616884506333,-0.1926681768555163
24031700830,64621.0,88163.0,1738.0,2195.0,373600.0,470900.0,36.43088160195602,26.294591484464902,26.043897216274093,21.428571428571427,78.57142857142857,10.283018867924527,89.71698113207547,-11.145552560646898,11.145552560646903,34.5943979628956,30.774827209894507,33.17570025463805,29.813432835820898,25.82089552238806,16.19402985074627,-4.780965127074701,-4.953931687506447,-16.981670403891783
24031700832,70405.0,86696.0,1206.0,1778.0,260700.0,337400.0,23.13898160642,47.42951907131012,29.42079018028385,83.24084350721421,16.75915649278579,76.22950819672131,23.770491803278688,-7.011335310492896,7.011335310492896,35.13968360821272,22.48401211713228,37.09188825311343,26.815265113137453,19.250253292806484,53.29280648429585,-8.324418495075268,-3.233758824325797,16.20091823118242
24031700833,81056.0,108221.0,1218.0,1799.0,331700.0,394500.0,33.51386695617845,47.70114942528736,18.932770575821525,70.65693430656934,29.34306569343066,78.54435178165276,21.455648218347235,7.887417475083424,-7.887417475083424,41.89402480270575,18.376550169109358,25.11837655016911,34.852546916890084,12.844260297343407,27.882037533512065,-7.041477885815667,-5.5322898717659506,2.7636609833429553
24031700834,90788.0,107639.0,1668.0,2045.0,235400.0,304300.0,18.56082301625765,22.60191846522782,29.269328802039084,67.98170383076044,32.01829616923956,78.11059907834101,21.889400921658986,10.128895247580571,-10.128895247580576,45.05913008618962,26.85908999799559,24.57406293846462,21.785853849159828,33.528722157092616,38.74560375146542,-23.27327623702979,6.669632159097027,14.171540813000796
24031700835,140550.0,162600.0,2000.0,2282.0,493700.0,608900.0,15.68836712913554,14.099999999999998,23.3340085071906,88.3638928067701,11.6361071932299,93.61370716510903,6.386292834890965,5.249814358338938,-5.249814358338935,47.9706390328152,17.07685664939551,11.636442141623489,24.739638682252924,29.160467587672688,8.480340063761956,-23.231000350562276,12.083610938277179,-3.156102077861533
24031700836,,89196.0,,1968.0,,402900.0,,,,,,,,,,,,,,,,,,
24031700837,,101408.0,,2143.0,,383500.0,,,,,,,,,,,,,,,,,,
24031700838,,107250.0,,2244.0,,415100.0,,,,,,,,,,,,,,,,,,
24031700839,,99602.0,,2305.0,,608100.0,,,,,,,,,,,,,,,,,,
24031700901,78917.0,82617.0,1596.0,2177.0,316500.0,485400.0,4.688470164856748,36.40350877192983,53.3649289099526,19.98669770535417,80.01330229464583,35.19630484988453,64.80369515011547,15.209607144530352,-15.209607144530352,52.31573705179283,13.99402390438247,9.536852589641434,47.90815333722514,12.609457092819614,10.11870013621327,-4.407583714567693,-1.3845668115628555,0.5818475465718365
24031700902,88068.0,116982.0,1608.0,1804.0,326000.0,455100.0,32.831448426216106,12.18905472636816,39.60122699386503,76.54145995747696,23.458540042523037,65.60457516339869,34.39542483660131,-10.936884794078267,10.936884794078274,55.12321660181583,21.27107652399481,29.80544747081712,43.264067242586975,17.30095727293953,27.73756712584637,-11.859149359228851,-3.97011925105528,-2.067880344970753
24031700903,82222.0,103365.0,1501.0,2116.0,338700.0,485600.0,25.71452895818637,40.97268487674883,43.371715382344256,36.74121405750799,63.25878594249201,43.48441926345609,56.51558073654391,6.743205205948101,-6.743205205948101,42.48569942797712,23.816952678107125,22.152886115444616,29.02147971360382,13.269689737470166,50.64439140811455,-13.464219714373296,-10.547262940636958,28.491505292669935
24031700904,68571.0,91136.0,1387.0,2027.0,267900.0,622900.0,32.90749733852503,46.14275414563807,132.51213139231058,7.095709570957095,92.9042904290429,10.646108663729809,89.35389133627018,3.5503990927727136,-3.5503990927727216,36.59156976744186,7.449127906976743,21.838662790697676,24.526892430278885,16.25996015936255,15.687250996015937,-12.064677337162976,8.810832252385806,-6.151411794681739
24031700905,86630.0,103924.0,1704.0,2144.0,609700.0,843900.0,19.96306129516334,25.821596244131456,38.41233393472199,26.86366689053056,73.13633310946945,13.892145369284878,86.10785463071512,-12.97152152124568,12.971521521245675,55.55280118988597,4.561229548834903,4.28854734754586,56.27437485661849,5.345262674925442,8.969947235604495,0.7215736667325245,0.7840331260905389,4.681399888058635
24031701001,101346.0,149402.0,1481.0,1751.0,521800.0,733700.0,47.41775699090245,18.23092505064146,40.60942889996167,80.47229791099001,19.527702089009992,74.12488174077578,25.875118259224216,-6.347416170214231,6.347416170214224,66.62020905923345,9.529616724738677,11.602787456445993,55.98681801537898,11.607469791285244,13.127059685097034,-10.633391043854466,2.0778530665465667,1.524272228651041
24031701002,203125.0,226528.0,2000.0,3039.0,688800.0,929500.0,11.521476923076923,51.95,34.944831591173056,68.3249370277078,31.67506297229219,92.2782874617737,7.721712538226299,23.953350434065896,-23.95335043406589,77.05096756609431,1.5263014445352958,6.241482692831834,67.66421506467157,8.673598782652803,8.952574182094851,-9.386752501422748,7.147297338117507,2.7110914892630174
24031701004,108603.0,148301.0,1794.0,2899.0,537200.0,683500.0,36.55331804830438,61.59420289855072,27.23380491437081,74.19918462434478,25.80081537565521,71.6012084592145,28.3987915407855,-2.5979761651302766,2.5979761651302877,70.21810461300907,8.087241845203629,7.257286238177958,60.91978160436792,9.050818983620328,21.52456950860983,-9.298323008641155,0.9635771384166993,14.267283270431872
24031701005,121250.0,164028.0,2000.0,3054.0,639400.0,731700.0,35.28082474226804,52.7,14.435408195182983,80.41704442429737,19.58295557570263,74.54819277108435,25.451807228915666,-5.868851653213028,5.868851653213032,74.27171249659679,6.343588347399945,12.65995099373809,58.915876777251185,5.420616113744075,9.034360189573459,-15.355835719345606,-0.9229722336558694,-3.6255908041646308
24031701006,138167.0,195417.0,2000.0,2554.0,606600.0,842800.0,41.435364450266704,27.700000000000003,38.938344873062974,89.24191750278708,10.758082497212932,89.74358974358975,10.256410256410255,0.5016722408026766,-0.5016722408026766,70.94570298453795,2.9306005034160374,8.971592952175476,64.51201747997086,3.9694100509832486,4.0240349599417335,-6.43368550456708,1.0388095475672112,-4.947557992233742
24031701007,99539.0,122531.0,1879.0,2457.0,597700.0,741700.0,23.09848401129205,30.76104310803619,24.09235402375774,36.36363636363637,63.63636363636363,56.49717514124294,43.50282485875706,20.13353877760657,-20.13353877760657,57.409753008233054,15.547815072830906,2.501583280557315,32.53377446925834,22.77364212848084,5.789909015715467,-24.875978538974714,7.225827055649935,3.288325735158152
24031701101,103869.0,149651.0,1961.0,2573.0,343800.0,548700.0,44.07667350219989,31.20856705762366,59.59860383944153,83.24937027707809,16.750629722921914,90.76923076923076,9.230769230769232,7.519860492152688,-7.519860492152683,67.19306049822063,6.561387900355872,27.068505338078293,48.0453972257251,4.854981084489282,38.81883144178226,-19.147663272495535,-1.7064068158665906,11.750326103703966
24031701102,79719.0,126402.0,1942.0,2329.0,318100.0,494300.0,58.55944003311632,19.92790937178167,55.39138635649167,71.49829184968277,28.501708150317228,69.26648096564531,30.73351903435469,-2.2318108840374578,2.2318108840374613,67.10676446617767,7.302363488182559,30.56234718826406,32.501318333626294,12.831780629284584,35.71805238178942,-34.60544613255137,5.529417141102025,5.15570519352536
24031701201,91693.0,135443.0,1545.0,2395.0,337300.0,459800.0,47.71356592106268,55.016181229773466,36.31781796620219,51.49651496514965,48.50348503485035,66.29885057471265,33.701149425287355,14.802335609562997,-14.802335609562997,71.44153957879448,6.154684095860566,24.600580973129993,54.93372606774669,7.820324005891016,34.963181148748156,-16.507813511047786,1.6656399100304498,10.362600175618162
24031701202,142813.0,243125.0,2000.0,3076.0,618600.0,841100.0,70.24010419219539,53.8,35.96831555124474,93.25276938569988,6.747230614300101,88.87814313346229,11.121856866537716,-4.374626252237604,4.374626252237617,91.38755980861244,3.2756716967243285,13.433934486566065,74.93393733484334,0.9815024537561344,9.739524348810873,-16.4536224737691,-2.294169242968194,-3.6944101377551917
24031701205,174792.0,219118.0,2000.0,3248.0,796400.0,996100.0,25.359284177765574,62.4,25.075339025615268,78.71452420701168,21.285475792988315,80.05148005148006,19.948519948519948,1.3369558444683776,-1.336955844468367,83.68826461259629,2.1295876755777075,4.515934148920103,71.84986595174263,9.002398758289827,6.533088754056723,-11.838398660853656,6.872811082712119,2.0171546051366205
24031701206,141151.0,246090.0,2000.0,3500.0,657600.0,815200.0,74.34520478069585,75.0,23.96593673965937,87.05140640155189,12.948593598448108,85.23613021549747,14.763869784502525,-1.8152761860544189,1.8152761860544155,74.51656423324839,3.2678758806775594,13.221406086044071,67.9123908714964,0.5054372798284577,16.31183948537295,-6.6041733617519895,-2.7624386008491015,3.0904333993288784
24031701210,185556.0,243261.0,2000.0,,768200.0,955000.0,31.09842850675807,,24.31658422285863,93.73015873015872,6.26984126984127,94.0406976744186,5.959302325581396,0.3105389442598749,-0.310538944259874,82.44786494538232,0.893743793445879,5.958291956305859,71.31640931693273,1.7011253598534413,5.73148390473698,-11.131455628449586,0.8073815664075623,-0.22680805156887907
24031701211,114255.0,116864.0,1827.0,2247.0,568100.0,675300.0,2.2834886875847884,22.988505747126435,18.869917268086606,50.7890365448505,49.2109634551495,58.16282107096213,41.83717892903788,7.373784526111628,-7.373784526111628,56.63659793814433,13.208762886597938,9.068943298969073,43.68032927456697,11.936203052649631,19.276281941347968,-12.956268663577355,-1.272559833948307,10.207338642378895
24031701212,152656.0,196607.0,2000.0,3199.0,492700.0,671100.0,28.790876218425744,59.95,36.20864623503146,88.04469273743017,11.955307262569832,94.48275862068964,5.517241379310345,6.438065883259483,-6.438065883259487,66.11111111111111,14.814814814814813,7.703703703703704,64.40306681270536,7.703541438481197,14.9324571011318,-1.7080442984057527,-7.1112733763336164,7.228753397428095
24031701213,121938.0,,1988.0,,493500.0,,,,,,,,,,,,,,,,,,,
24031701214,90223.0,101115.0,1711.0,2053.0,251500.0,,12.072309721467915,19.988310929281123,,40.87085601187531,59.12914398812469,38.39009287925697,61.60990712074303,-2.4807631326183426,2.4807631326183426,75.65505804311773,5.008291873963516,11.840796019900496,53.86105059307673,11.353183248608085,17.47760832728153,-21.794007450041,6.344891374644569,5.6368123073810334
24031701215,84536.0,111277.0,1619.0,1884.0,281000.0,298900.0,31.6326772026119,16.368128474366895,6.370106761565836,47.04236610711431,52.95763389288569,50.68979109184075,49.31020890815924,3.6474249847264417,-3.647424984726449,76.8892997457823,7.996302287959326,10.0531546105847,69.32807963500622,5.8274574865201165,9.850684363334716,-7.561220110776077,-2.168844801439209,-0.20247024724998397
24031701216,86667.0,114757.0,1946.0,2281.0,425200.0,512100.0,32.41141380225461,17.21479958890031,20.43744120413923,25.83949914627205,74.16050085372795,43.711419753086425,56.288580246913575,17.87192060681437,-17.871920606814378,58.970976253298154,9.34476693051891,7.102022867194371,45.628847845206685,14.001759014951626,10.571679859278804,-13.342128408091469,4.656992084432716,3.469656992084433
24031701218,74565.0,85104.0,1708.0,1850.0,403100.0,413100.0,14.133977066988535,8.313817330210773,2.4807740014884643,19.82167352537723,80.17832647462278,15.211062590975256,84.78893740902474,-4.610610934401974,4.6106109344019615,63.807160581354125,9.819213045019497,18.36228287841191,51.573938506588576,16.068814055636896,10.980966325036604,-12.23322207476555,6.249601010617399,-7.3813165533753065
24031701219,59375.0,74559.0,1533.0,1894.0,,,25.573052631578943,23.54859752120026,,0.3154574132492113,99.6845425867508,1.4615384615384617,98.53846153846156,1.14608104828925,-1.146081048289247,36.95143358689292,12.40491515506144,30.339379754242245,23.267655523577595,21.585122869160948,43.236661500996235,-13.683778063315323,9.180207714099508,12.89728174675399
24031701220,180529.0,245505.0,1245.0,3337.0,857400.0,1042800.0,35.99200128511208,168.0321285140562,21.623512946116165,93.97697077059344,6.023029229406554,96.15069615069616,3.8493038493038494,2.1737253801026952,-2.173725380102705,56.50522317188984,8.11965811965812,5.887939221272555,42.42424242424242,7.890222984562607,1.5151515151515151,-14.080980747647416,-0.22943513509551217,-4.37278770612104
24031701221,124213.0,182458.0,1833.0,2304.0,1000000.0,1056600.0,46.89122716623864,25.69558101472996,5.66,52.88235294117647,47.11764705882353,49.24242424242424,50.75757575757576,-3.639928698752229,3.639928698752229,55.98064070062227,7.766766536068219,2.4429592071905972,44.123711340206185,6.666666666666667,9.301260022909508,-11.856929360416082,-1.1000998694015518,6.858300815718911
24031701222,,155167.0,,2476.0,,753600.0,,,,,,,,,,,,,,,,,,
24031701223,,126736.0,,2535.0,,439600.0,,,,,,,,,,,,,,,,,,
24031701303,133182.0,194038.0,2000.0,3417.0,607300.0,731400.0,45.69386253397607,70.85000000000001,20.434711015972336,96.83357879234168,3.166421207658321,91.1042944785276,8.895705521472392,-5.729284313814077,5.729284313814071,76.8805891635981,11.283534981588637,3.4718569174118885,75.5096262740657,2.746319365798415,4.8414496036240084,-1.3709628895324073,-8.537215615790222,1.36959268621212
24031701304,122708.0,195667.0,2000.0,2617.0,444500.0,631200.0,59.4574110897415,30.85,42.00224971878515,95.42910447761194,4.57089552238806,91.83366733466931,8.16633266533066,-3.595437142942614,3.5954371429426004,71.45059085459839,12.313752354855284,9.676314437403665,72.06180739815827,8.256594349929765,8.053691275167784,0.6112165435598769,-4.057158004925519,-1.6226231622358807
24031701306,149375.0,210288.0,,2685.0,588600.0,730900.0,40.77857740585774,,24.17601087325858,95.80193756727664,4.198062432723358,99.10714285714286,0.8928571428571428,3.3052052898662225,-3.305205289866215,89.257555847569,2.036793692509855,3.449408672798949,75.30956848030019,1.951219512195122,7.317073170731707,-13.947987367268809,-0.08557418031473318,3.8676644979327577
24031701307,142266.0,184348.0,1742.0,2260.0,569100.0,796900.0,29.57980121743776,29.73593570608496,40.02811456685996,93.3377308707124,6.662269129287599,95.8649789029536,4.135021097046414,2.527248032241204,-2.527248032241185,52.377300613496935,12.602249488752557,9.2280163599182,51.20869372366378,19.627411842980706,8.227988467509425,-1.168606889833157,7.025162354228149,-1.0000278924087755
24031701308,148885.0,165473.0,246.0,451.0,785000.0,770800.0,11.141485038788328,83.33333333333334,-1.808917197452229,92.4851680949242,7.514831905075807,91.70081967213116,8.299180327868852,-0.7843484227930446,0.7843484227930446,68.44988720592976,10.344827586206897,3.029326458266194,43.98447606727037,23.523070288917637,12.074169900819319,-24.465411138659384,13.17824270271074,9.044843442553125
24031701312,135725.0,164485.0,1079.0,2323.0,523500.0,584900.0,21.189906060047893,115.29193697868396,11.728748806112703,88.40141200201714,11.598587997982854,86.38113570741098,13.618864292589029,-2.0202762946061625,2.020276294606173,75.4983922829582,8.954983922829582,4.485530546623794,56.65513611069334,16.453602045420364,15.716649120168446,-18.843256172264866,7.498618122590782,11.231118573544652
24031701313,111853.0,172167.0,1830.0,2306.0,464700.0,625800.0,53.92255907306912,26.01092896174864,34.667527437056165,88.38028169014085,11.619718309859154,86.28708901363272,13.712910986367282,-2.0931926765081244,2.093192676508128,58.265582655826556,20.758807588075882,12.493224932249323,51.34480903711673,10.462614308768154,17.99354491662184,-6.920773618709823,-10.296193279307728,5.500319984372517
24031701314,104457.0,165163.0,1419.0,2631.0,392200.0,546800.0,58.115779698823445,85.41226215644821,39.41866394696583,84.20019627085378,15.799803729146223,90.85365853658536,9.146341463414634,6.653462265731591,-6.653462265731589,59.3167701863354,16.977225672877847,12.353347135955833,50.77989601386482,13.65684575389948,18.09358752166378,-8.536874172470576,-3.3203799189783663,5.740240385707946
24031701315,114417.0,155948.0,1487.0,2560.0,438600.0,485800.0,36.29792775549088,72.15870880968393,10.761513907888736,73.55473554735548,26.44526445264453,75.6210283073368,24.3789716926632,2.066292759981323,-2.06629275998133,70.15618404390038,16.019417475728158,12.114816378218658,47.66863905325444,15.076923076923077,12.804733727810651,-22.487544990645944,-0.9424943988050813,0.6899173495919939
24031701316,118158.0,177266.0,1459.0,2079.0,651200.0,782800.0,50.02454340797915,42.494859492803286,20.208845208845208,91.6319926028664,8.36800739713361,81.36986301369863,18.63013698630137,-10.262129589167756,10.26212958916776,70.86026852312283,17.08934195259407,5.967180507210343,64.38564476885644,14.324817518248176,7.953163017031629,-6.474623754266389,-2.7645244343458923,1.9859825098212864
24031701317,161944.0,204141.0,1500.0,2140.0,714300.0,862700.0,26.05653806254013,42.66666666666667,20.77558448831024,96.11510791366906,3.884892086330935,92.67605633802816,7.323943661971831,-3.439051575640903,3.439051575640896,72.33089794956399,10.629271741692198,3.605939193966533,67.72582841579664,12.755333635950977,8.919655015887425,-4.605069533767349,2.126061894258779,5.313715821920892
24031701407,123500.0,175121.0,2000.0,2804.0,499000.0,674600.0,41.79838056680162,40.2,35.190380761523045,93.09051955008034,6.9094804499196565,92.62472885032538,7.37527114967462,-0.4657906997549617,0.4657906997549634,50.0,29.2601683029453,7.696353436185133,38.68037703513282,26.975149957155097,13.213367609254497,-11.319622964867179,-2.2850183457902027,5.517014173069365
24031701408,125938.0,126050.0,1719.0,2585.0,529300.0,701200.0,0.0889326493989105,50.37812681791739,32.4768562252031,94.07093700370568,5.929062996294335,85.50512445095168,14.494875549048317,-8.565812552753982,8.565812552753982,57.29610782560858,17.21908953376427,10.988859854215375,47.91095890410959,21.866438356164384,22.67123287671233,-9.385148921498988,4.647348822400115,11.682373022496956
24031701409,137083.0,204685.0,2000.0,2330.0,506600.0,645700.0,49.31464878941954,16.5,27.45756020529017,96.64153529814942,3.358464701850582,96.39705882352942,3.602941176470588,-0.2444764746200007,0.2444764746200056,50.54945054945055,19.500107735401855,9.179056237879767,40.176137555042985,22.58335080729713,14.426504508282658,-10.373312994407563,3.083243071895275,5.2474482704028915
24031701410,89672.0,,1716.0,,290000.0,,,,,,,,,,,,,,,,,,,
24031701414,80964.0,125263.0,1616.0,1923.0,389400.0,561000.0,54.71444098611728,18.997524752475247,44.06779661016949,73.58096828046745,26.419031719532555,65.9592176446109,34.0407823553891,-7.621750635856543,7.621750635856543,25.958286358511838,48.74577226606539,8.18771138669673,16.95616211745244,53.68072787427626,10.987041632202923,-9.002124241059398,4.9349556082108705,2.7993302455061926
24031701415,107668.0,111795.0,1224.0,1372.0,419000.0,577500.0,3.8330794665081545,12.091503267973856,37.828162291169456,85.65861262665628,14.341387373343723,91.60896130346232,8.391038696537677,5.950348676806044,-5.950348676806048,32.0,33.78616352201258,14.616352201257863,21.441270593812966,37.6081545573071,21.121251629726206,-10.558729406187034,3.8219910352945234,6.5048994284683435
24031701417,63394.0,78427.0,1652.0,1872.0,238500.0,333200.0,23.71360065621352,13.317191283292978,39.70649895178197,26.79025808796801,73.20974191203199,31.74787316318639,68.2521268368136,4.957615075218381,-4.957615075218385,30.717529518619436,54.096276112624885,10.045413260672117,8.596675153512056,66.01767260745845,10.663471618990565,-22.12085436510738,11.921396494833566,0.6180583583184482
24031701418,103750.0,115167.0,1830.0,2752.0,334300.0,412400.0,11.00433734939759,50.38251366120219,23.36224947651809,84.18277680140598,15.817223198594023,88.40453356582388,11.595466434176112,4.221756764417904,-4.221756764417913,31.8820611738771,40.81014053458253,12.317442821713971,22.60061919504644,53.25077399380805,11.032929918378835,-9.28144197883066,12.440633459225523,-1.284512903335136
24031701420,68367.0,,2000.0,,309700.0,,,,,,,,,,,,,,,,,,,
24031701421,75525.0,,1438.0,,203400.0,,,,,,,,,,,,,,,,,,,
24031701422,42097.0,56631.0,1399.0,1768.0,,,34.52502553626149,26.375982844889208,,0.0,100.0,0.0,100.0,0.0,0.0,6.920858699134892,81.15988465235502,6.087792374239026,5.522914218566393,77.94751273012143,9.479044261652959,-1.3979444805684995,-3.2123719222335865,3.391251887413933
24031701423,57821.0,88389.0,1479.0,1852.0,270200.0,362000.0,52.8666055585341,25.21974306964165,33.97483345669875,47.91242362525458,52.08757637474542,52.18579234972678,47.81420765027322,4.273368724472199,-4.273368724472199,14.639880316306902,48.94208164137636,16.969437914084207,8.656873032528855,63.06400839454355,18.975166142007698,-5.983007283778047,14.121926753167187,2.005728227923491
24031701424,,146085.0,,2357.0,,586100.0,,,,,,,,,,,,,,,,,,
24031701425,,98802.0,,3144.0,,374000.0,,,,,,,,,,,,,,,,,,
24031701426,,130701.0,,2140.0,,384500.0,,,,,,,,,,,,,,,,,,
24031701427,,113952.0,,2379.0,,490200.0,,,,,,,,,,,,,,,,,,
24031701503,93095.0,145625.0,1180.0,2532.0,377700.0,536200.0,56.42623126913367,114.57627118644066,41.96452210749272,81.6127603012849,18.387239698715103,96.16477272727272,3.835227272727273,14.55201242598784,-14.552012425987831,45.43478260869565,29.304347826086957,19.057971014492754,24.297960390186223,32.53029855158144,25.74637895359149,-21.136822218509426,3.2259507254944815,6.6884079390987345
24031701505,76028.0,106462.0,1606.0,1830.0,389200.0,574700.0,40.02998895143895,13.947696139476962,47.66187050359712,47.57878554957725,52.421214450422745,45.6394211967149,54.3605788032851,-1.9393643528623483,1.939364352862356,46.64464795075814,42.05074313166191,19.531601861582345,26.79609086106709,45.94558901215003,26.980982567353408,-19.848557089691052,3.89484588048812,7.449380705771063
24031701506,134208.0,177404.0,2000.0,2756.0,444700.0,586500.0,32.18586075345732,37.8,31.88666516752868,89.73188819167142,10.26811180832858,85.28916339135317,14.710836608646826,-4.442724800318246,4.442724800318246,46.887661141804784,28.158379373848984,13.388581952117864,39.615773508594536,40.586450960566225,11.425682507583417,-7.271887633210248,12.428071586717241,-1.9628994445344468
24031701507,122266.0,138611.0,1142.0,1806.0,487200.0,659600.0,13.368393502690854,58.14360770577933,35.385878489326764,67.17019133937563,32.82980866062437,89.32424758659853,10.675752413401476,22.154056247222897,-22.154056247222897,52.155447016351665,19.473348906349543,3.758759821618178,37.66160764474424,25.744800449690835,7.644744238336145,-14.493839371607429,6.271451543341293,3.885984416717967
24031701508,54195.0,81032.0,1511.0,1797.0,280500.0,463700.0,49.51932835132392,18.927862342819324,65.31194295900178,19.323979591836736,80.67602040816327,24.162836506894287,75.8371634931057,4.838856915057551,-4.838856915057562,5.956196581196581,66.74679487179486,16.45299145299145,8.55539971949509,81.18279569892472,7.994389901823282,2.5992031382985097,14.43600082712986,-8.458601551168169
24031701509,48573.0,59854.0,1335.0,1753.0,436200.0,561500.0,23.224836843513884,31.310861423220977,28.72535534158643,21.83612183612184,78.16387816387817,19.06458797327394,80.93541202672606,-2.771533862847896,2.771533862847889,18.32217261904762,50.688244047619044,25.911458333333332,16.406966086159485,50.305530094714335,26.535288725939505,-1.915206532888135,-0.3827139529047088,0.6238303926061732
24031701601,67750.0,71507.0,1599.0,1938.0,452400.0,483300.0,5.545387453874539,21.20075046904316,6.830238726790451,9.054593874833555,90.94540612516646,11.349306431273645,88.65069356872635,2.294712556440089,-2.2947125564401034,5.828621139625924,38.53849499782514,42.75772074815137,3.744075829383886,59.810426540284354,21.943127962085306,-2.084545310242038,21.271931542459214,-20.814592786066065
24031701602,60078.0,70300.0,1374.0,1898.0,306700.0,452500.0,17.014547754585703,38.13682678311499,47.5383110531464,36.802575107296136,63.19742489270386,38.23008849557522,61.769911504424776,1.4275133882790882,-1.4275133882790811,15.643623361144218,24.746722288438615,58.38796185935637,9.074560796790704,13.570341679347075,63.881588048139434,-6.569062564353514,-11.17638060909154,5.493626188783061
24031701701,81649.0,103750.0,877.0,1252.0,546200.0,867300.0,27.068304572009456,42.7594070695553,58.78798974734529,52.21864951768489,47.78135048231511,51.28726287262872,48.71273712737128,-0.9313866450561648,0.9313866450561648,69.3985665316298,19.63228420068557,9.816142100342786,59.8770606314613,21.79379715004191,11.232187761944678,-9.5215059001685,2.1615129493563394,1.416045661601892
24031701702,62328.0,66708.0,942.0,1213.0,374600.0,599700.0,7.027339237581826,28.768577494692146,60.09076348104645,32.53588516746412,67.46411483253588,24.252136752136757,75.74786324786325,-8.283748415327363,8.283748415327366,45.64781387886081,40.152426795026074,23.225030084235858,28.40862840862841,42.61294261294261,20.96052096052096,-17.2391854702324,2.460515817916537,-2.264509123714898
24031701703,80565.0,99444.0,1047.0,1692.0,425500.0,610700.0,23.433252653137217,61.60458452722063,43.52526439482961,53.97196261682243,46.02803738317757,56.16438356164384,43.83561643835616,2.192420944821407,-2.192420944821407,42.705124614953796,40.66087930551666,17.698123774852984,32.8974358974359,36.07692307692308,20.205128205128204,-9.807688717517898,-4.583956228593578,2.50700443027522
24031701704,98897.0,131116.0,1040.0,1479.0,425000.0,679200.0,32.578339080052984,42.21153846153846,59.811764705882354,72.47619047619047,27.52380952380952,65.70289132602194,34.297108673978066,-6.773299150168526,6.773299150168544,58.61943024105186,28.122717311906502,21.219868517165814,54.294692737430175,20.914804469273744,14.350558659217876,-4.324737503621684,-7.2079128426327586,-6.869309857947938
24031702101,54183.0,81488.0,1271.0,1549.0,327600.0,503100.0,50.39403502943728,21.87254130605822,53.57142857142857,59.571129707112966,40.42887029288704,47.8137421919364,52.1862578080636,-11.757387515176568,11.75738751517656,16.566478076379067,30.74611032531825,41.92008486562942,11.918914799573235,34.76604176192654,31.001371742112482,-4.6475632768058315,4.019931436608289,-10.918713123516937
24031702102,146964.0,228992.0,2000.0,3162.0,488400.0,660900.0,55.81502953104162,58.1,35.31941031941032,93.01121656600516,6.988783433994823,93.93326592517694,6.066734074823053,0.9220493591717656,-0.92204935917177,87.96724813100748,2.5631897472410112,3.7379850480598074,73.02189781021899,4.467153284671533,10.861313868613138,-14.945350320788492,1.903963537430522,7.123328820553331
24031702301,59250.0,83201.0,1318.0,1698.0,263000.0,369900.0,40.42362869198312,28.83156297420334,40.64638783269962,30.968218773096822,69.03178122690318,34.20126671358199,65.79873328641803,3.2330479404851644,-3.23304794048515,37.31450454763044,25.89755864049785,50.69411201531834,25.72737068965517,36.664870689655174,34.26724137931034,-11.587133857975271,10.767312049157326,-16.426870636007997
24031702302,76769.0,93871.0,1176.0,1693.0,416700.0,588400.0,22.27722127421225,43.96258503401361,41.2047036237101,55.47798066595059,44.52201933404941,61.49253731343284,38.50746268656716,6.014556647482252,-6.014556647482252,51.668984700973574,21.02457116365322,29.624478442280942,49.59349593495935,35.84204413472706,9.105691056910569,-2.0754887660142245,14.81747297107384,-20.518787385370373
24031702401,115694.0,179837.0,1324.0,1965.0,508500.0,761800.0,55.44194167372552,48.413897280966765,49.81317600786628,83.69876072449952,16.301239275500475,74.20998980632008,25.79001019367992,-9.48877091817944,9.488770918179444,61.216429699842024,22.31437598736177,14.84992101105845,70.74704142011834,18.34319526627219,8.394970414201183,9.530611720276312,-3.9711807210895813,-6.454950596857268
24031702402,67159.0,93561.0,1263.0,1734.0,481500.0,632500.0,39.31267588856296,37.29216152019003,31.360332294911736,39.4990366088632,60.5009633911368,34.80885311871227,65.19114688128774,-4.690183490150929,4.690183490150936,47.406899702992916,38.016906557002514,9.755540324423121,36.464579169442594,42.83810792804797,10.170997113035755,-10.942320533550323,4.821201371045454,0.4154567886126337
24031702501,,109422.0,,2182.0,,428300.0,,,,,,,,,,,,,,,,,,
24031702502,,86083.0,,1907.0,,478200.0,,,,,,,,,,,,,,,,,,
24031702503,,79333.0,,2086.0,,690000.0,,,,,,,,,,,,,,,,,,
24031702601,67779.0,,1735.0,,236000.0,,,,,,,,,,,,,,,,,,,
24031702602,62104.0,98819.0,1609.0,2116.0,277300.0,320100.0,59.11857529305681,31.510254816656307,15.434547421565092,20.676202860858258,79.32379713914173,20.424058848983123,79.57594115101688,-0.252144011875135,0.2521440118751457,54.00549566687803,31.409849926019866,11.942506869583598,39.68348170128586,34.817012858555884,17.151335311572698,-14.322013965592177,3.4071629325360178,5.2088284419891
24031702603,,115147.0,,2233.0,,417600.0,,,,,,,,,,,,,,,,,,
24031702604,,98452.0,,2071.0,,,,,,,,,,,,,,,,,,,,
24031703201,95653.0,184808.0,2000.0,3360.0,391900.0,593500.0,93.20669503308837,68.0,51.4416943097729,83.86666666666667,16.133333333333333,91.46183699870632,8.538163001293661,7.5951703320396575,-7.595170332039672,57.1230406436399,11.319184352892218,23.52614787071716,59.64637960067356,8.407505412557132,26.810199663218665,2.5233389570336655,-2.9116789403350865,3.2840517925015043
24031703202,118371.0,162067.0,860.0,3500.0,444800.0,623000.0,36.91444695068893,306.9767441860465,40.06294964028777,84.3704066634003,15.629593336599706,84.1624828845276,15.837517115472387,-0.207923778872697,0.2079237788726811,74.97097362746725,6.3692154586166865,14.463426770608725,64.99761564139247,6.056270863137816,12.63710061993324,-9.973357986074774,-0.31294459547887055,-1.8263261506754862
24031703206,93137.0,128125.0,1412.0,1791.0,431600.0,598600.0,37.5661659705595,26.841359773371103,38.693234476367,69.141689373297,30.858310626702995,74.77810650887574,25.22189349112426,5.636417135578739,-5.636417135578736,47.21071863580999,20.0,24.652862362971987,42.806827418043895,22.51422378759144,20.238417772961256,-4.403891217766095,2.5142237875914404,-4.414444590010731
24031703207,58306.0,99404.0,1456.0,1896.0,447800.0,638000.0,70.48674235927692,30.21978021978022,42.47431889236266,46.40561075394506,53.59438924605494,30.067567567567565,69.93243243243244,-16.338043186377497,16.338043186377497,26.691977550346653,21.27764938923737,50.759326510399475,32.490497438439924,18.013551479094364,52.5532969757065,5.798519888093271,-3.2640979101430077,1.7939704653070265
24031703208,124464.0,204934.0,2000.0,2662.0,413200.0,647900.0,64.65323306337577,33.1,56.80058083252663,91.62910495814552,8.370895041854476,92.3879680785758,7.612031921424187,0.7588631204302914,-0.7588631204302896,73.69746271547551,14.410226612434633,7.476273484408289,72.75842375785265,9.803921568627452,11.745669141442985,-0.9390389576228557,-4.606305043807181,4.269395657034695
24031703209,62766.0,83284.0,1450.0,2215.0,367100.0,470400.0,32.68967275276424,52.75862068965517,28.13947153364206,64.90596238495398,35.09403761504602,49.97635933806146,50.02364066193853,-14.929603046892517,14.92960304689251,41.05061749869542,20.281788137067316,25.221777700469644,32.038507008951186,25.536226988684348,15.08191183921635,-9.012110489744238,5.2544388516170315,-10.139865861253295
24031703210,88021.0,164135.0,2000.0,3036.0,345700.0,528900.0,86.47254632417264,51.8,52.993925368816896,95.11077158135984,4.889228418640183,84.91988689915175,15.080113100848257,-10.19088468220808,10.190884682208072,51.24392336288247,17.04317986845868,24.077780955104373,52.6832955404384,17.25875535399345,20.231796422272613,1.4393721775559314,0.2155754855347709,-3.8459845328317606
24031703212,110000.0,,1537.0,,404400.0,,,,,,,,,,,,,,,,,,,
24031703213,48456.0,61699.0,1374.0,1940.0,124500.0,276100.0,27.329948819547628,41.19359534206696,121.76706827309236,23.482106956172093,76.5178930438279,20.67686601761706,79.32313398238294,-2.805240938555034,2.8052409385550447,22.14841218405703,40.47310434219054,40.392093324692155,15.768705418121112,16.81590529670663,48.20154803460313,-6.379706765935918,-23.657199045483907,7.809454709910973
24031703214,50196.0,66208.0,1448.0,1773.0,406200.0,572800.0,31.898956092118897,22.444751381215468,41.01427868045298,25.55934774364809,74.44065225635191,20.88815789473684,79.11184210526315,-4.671189848911244,4.67118984891124,18.68880374627501,46.16148715765574,31.814956719171278,18.482252141982862,30.84455324357405,43.546851625187,-0.20655160429214803,-15.316933914081691,11.731894906015725
24031703215,79135.0,96139.0,1711.0,2222.0,446800.0,616000.0,21.48733177481519,29.865575686732903,37.8692927484333,56.29202689721422,43.707973102785786,55.41941564561734,44.58058435438266,-0.8726112515968794,0.8726112515968723,35.40753724802805,20.245398773006134,35.40753724802805,26.716604244694132,19.88139825218477,36.82896379525593,-8.690933003333917,-0.3640005208213637,1.421426547227881
24031703216,59487.0,41908.0,1438.0,1422.0,186900.0,235600.0,-29.550994334896703,-1.1126564673157162,26.05671482075976,85.88077095472883,14.119229045271178,86.42350557244174,13.576494427558258,0.5427346177129095,-0.5427346177129202,51.15292870394911,26.95467797508614,18.923933209647494,42.09782301385355,31.15634718688154,11.846197342380549,-9.055105690095559,4.2016692117954015,-7.077735867266945
24031703218,48622.0,80111.0,1675.0,3500.0,200900.0,274200.0,64.76286454691292,108.95522388059702,36.48581383773021,78.91156462585033,21.08843537414966,79.89877078814173,20.10122921185828,0.9872061622914003,-0.9872061622913826,88.73684210526316,8.68421052631579,2.1578947368421053,71.69907881269192,15.813715455475947,2.6612077789150463,-17.037763292571242,7.1295049291601575,0.503313042072941
24031703219,53026.0,62768.0,1142.0,2038.0,274800.0,285500.0,18.3721193376834,78.45884413309983,3.893740902474527,80.3913043478261,19.608695652173918,82.11050724637681,17.889492753623188,1.7192028985507193,-1.7192028985507264,82.02985074626866,11.164179104477611,1.9701492537313434,75.64022485946283,15.740162398500937,2.873204247345409,-6.389625886805831,4.575983294023326,0.9030549936140655
24031703220,69821.0,101866.0,1006.0,1596.0,259100.0,381400.0,45.895933888085246,58.64811133200796,47.20185256657661,63.83442265795208,36.165577342047925,61.12745098039216,38.872549019607845,-2.7069716775599133,2.7069716775599204,41.065589536449316,36.5262550490479,16.907097518753606,23.26586755747691,38.435842012183144,22.263706032619375,-17.799721978972407,1.9095869631352471,5.356608513865769
24031703221,113828.0,140714.0,1695.0,2368.0,398800.0,466800.0,23.619847489194225,39.70501474926253,17.051153460381144,87.16216216216216,12.837837837837837,90.48958919527294,9.510410804727067,3.32742703311078,-3.3274270331107694,43.30518697225573,30.98110172899075,11.338962605548854,37.27691999197915,31.161018648486067,19.18989372368157,-6.028266980276584,0.17991691949531585,7.850931118132717
24031703222,,79063.0,,2082.0,,452800.0,,,,,,,,,,,,,,,,,,
24031703223,,167163.0,,1972.0,,648800.0,,,,,,,,,,,,,,,,,,
24031703301,81790.0,122423.0,2000.0,3083.0,328300.0,484000.0,49.67966744100746,54.15,47.42613463295766,95.06694855532064,4.933051444679352,80.87706685837527,19.12293314162473,-14.189881696945378,14.18988169694538,47.90687740281931,4.250320375907732,46.00598035027766,38.205329153605014,6.0344827586206895,54.13401253918495,-9.701548249214298,1.7841623827129576,8.12803218890729
24031703302,80469.0,111419.0,2000.0,3176.0,320500.0,453400.0,38.46201642868682,58.8,41.46645865834633,78.69955156950674,21.300448430493272,68.96860986547085,31.031390134529147,-9.730941704035883,9.730941704035876,34.84152503445108,14.010105649977033,49.49471750114837,19.980217606330367,4.035608308605341,70.62314540059347,-14.861307428120714,-9.974497341371691,21.1284278994451
24031703401,76282.0,101829.0,1825.0,2202.0,321500.0,457000.0,33.490207388374714,20.65753424657534,42.14618973561431,79.08719346049047,20.91280653950954,81.07344632768361,18.926553672316384,1.9862528671931443,-1.986252867193155,37.587181903864284,12.554194156456171,44.09048067860509,22.65625,11.490091463414634,56.59298780487805,-14.930931903864284,-1.0641026930415372,12.50250712627296
24031703402,94750.0,137500.0,2000.0,1993.0,339300.0,448700.0,45.11873350923483,-0.35,32.2428529325081,87.33705772811918,12.66294227188082,92.75653923541248,7.243460764587525,5.419481507293298,-5.419481507293294,31.22133027522936,9.51834862385321,50.57339449541285,28.686964795432925,10.014272121788773,28.116079923882015,-2.534365479796435,0.49592349793556245,-22.457314571530834
24031703403,67167.0,126471.0,1904.0,1931.0,288400.0,425600.0,88.29335834561614,1.4180672268907564,47.57281553398058,82.94736842105263,17.05263157894737,75.56935817805382,24.43064182194617,-7.378010242998812,7.378010242998801,31.14232706069441,19.93108931884442,45.79909886032335,21.652505127453853,13.94667447992968,55.17140345736888,-9.489821933240556,-5.984414838914741,9.372304597045535
24031703404,53854.0,98690.0,1694.0,1855.0,221200.0,378000.0,83.2547257399636,9.50413223140496,70.88607594936708,79.01098901098901,20.98901098901099,75.15375153751538,24.846248462484624,-3.857237473473632,3.857237473473635,27.606310013717422,15.397805212620028,62.55144032921811,12.059514487079092,8.065779169929522,78.17802140433308,-15.54679552663833,-7.332026042690506,15.62658107511497
24031703501,56845.0,90934.0,1042.0,1441.0,283400.0,464200.0,59.96833494590553,38.29174664107486,63.79675370501059,62.75605214152699,37.243947858473,56.48241206030151,43.517587939698494,-6.27364008122548,6.273640081225494,29.158824381062693,33.58911249457073,38.32343998841755,29.53896981528758,21.504730440006007,41.53776843369875,0.380145434224886,-12.08438205456472,3.214328445281204
24031703502,71875.0,98077.0,891.0,1648.0,425600.0,565200.0,36.45495652173913,84.96071829405163,32.80075187969925,71.88581314878893,28.11418685121107,70.87959009393681,29.120409906063195,-1.0062230548521145,1.006223054852125,63.68520859671302,6.731984829329962,28.445006321112515,52.896995708154506,12.374821173104435,27.539341917024316,-10.788212888558512,5.642836343774473,-0.9056644040881991
24031703601,90500.0,123750.0,1690.0,1872.0,360100.0,546000.0,36.74033149171271,10.76923076923077,51.624548736462096,83.76935397757607,16.23064602242392,73.08584686774941,26.91415313225058,-10.683507109826664,10.68350710982666,54.66377440347071,11.995661605206074,29.327548806941433,58.25794235219861,10.456553755522828,26.17294340416579,3.5941679487279004,-1.539107849683246,-3.154605402775644
24031703602,119514.0,179457.0,1179.0,2591.0,442400.0,687600.0,50.15563030272604,119.76251060220528,55.4249547920434,94.3089430894309,5.691056910569105,87.90243902439025,12.097560975609756,-6.40650406504065,6.406504065040651,78.73795461610196,5.812869132732359,21.63506372396643,67.98227950060411,7.772855416834474,13.733387031816353,-10.755675115497851,1.959986284102115,-7.901676692150076
24031703701,65625.0,123438.0,1830.0,2603.0,282900.0,395400.0,88.096,42.240437158469945,39.76670201484623,84.39597315436241,15.604026845637584,85.71428571428571,14.285714285714285,1.3183125599232994,-1.3183125599232994,35.40569020021075,6.796628029504742,59.45732349841939,14.55388180764774,8.760139049826188,69.61761297798378,-20.851808392563008,1.9635110203214463,10.16028947956439
24031703702,89135.0,116033.0,2000.0,2413.0,322500.0,559300.0,30.176698266674144,20.65,73.42635658914729,78.43583902809415,21.56416097190585,84.57047539616347,15.42952460383653,6.134636368069323,-6.134636368069316,37.56946122251751,13.674800676491905,40.2995892727712,28.05755395683453,16.659172661870503,41.07464028776979,-9.511907265682982,2.9843719853785977,0.7750510149985885
24031703901,103684.0,180417.0,2000.0,1969.0,421100.0,624600.0,74.00659696770958,-1.55,48.325813345998576,89.41605839416059,10.583941605839415,85.09433962264151,14.90566037735849,-4.321718771519073,4.321718771519075,57.86666666666667,11.966666666666667,18.433333333333334,60.402262727844125,10.276555625392835,19.013199245757384,2.5355960611774577,-1.6901110412738323,0.5798659124240508
24031703902,84375.0,112057.0,1750.0,2474.0,346100.0,488900.0,32.8082962962963,41.37142857142857,41.25975151690263,55.55156306144448,44.44843693855552,61.00987091875475,38.99012908124526,5.458307857310267,-5.45830785731026,46.68911335578002,21.941638608305276,29.994388327721662,33.92428228296923,25.14011208967174,42.46826032254375,-12.764831072810793,3.198473481366463,12.473871994822087
24031704401,158816.0,250000.0,2000.0,3273.0,655200.0,1010200.0,57.4148700382833,63.65,54.18192918192918,91.42607174103236,8.57392825896763,81.07074569789675,18.929254302103253,-10.355326043135603,10.355326043135625,78.22832189644416,8.172177167810355,11.759201497192763,61.42117376294591,4.919447640966628,7.652474108170311,-16.807148133498245,-3.2527295268437273,-4.106727389022452
24031704403,71125.0,92625.0,1511.0,1780.0,277400.0,251400.0,30.228471001757462,17.802779616148246,-9.372746935832732,65.61514195583597,34.38485804416404,71.93638914873713,28.06361085126286,6.321247192901168,-6.321247192901179,76.44736842105263,9.210526315789473,9.210526315789473,66.90981432360743,8.355437665782492,20.623342175066313,-9.537554097445195,-0.8550886500069801,11.41281585927684
24031704404,134281.0,191220.0,2000.0,2341.0,642200.0,967700.0,42.40287159017285,17.05,50.68514481469947,76.0556621880998,23.944337811900198,81.84424271380793,18.15575728619207,5.788580525708127,-5.788580525708124,82.0923076923077,5.805128205128205,5.169230769230769,72.03996669442132,8.126561199000832,10.358034970857618,-10.052340997886375,2.3214329938726275,5.18880420162685
24031704501,130700.0,235938.0,2000.0,2919.0,622800.0,923400.0,80.51874521805662,45.95,48.26589595375722,88.77737226277372,11.222627737226276,83.1715210355987,16.828478964401295,-5.605851227175023,5.605851227175018,82.39907057798432,2.178332849259367,12.140575079872203,59.525952595259525,6.480648064806481,15.271527152715272,-22.873117982724793,4.302315215547114,3.130952072843069
24031704502,201111.0,250000.0,2000.0,3500.0,743500.0,1055600.0,24.30946094445356,75.0,41.97713517148621,88.36032388663968,11.639676113360323,95.24361948955917,4.756380510440835,6.883295602919489,-6.883295602919488,84.8046875,0.546875,2.734375,68.04296743873783,4.968110104061766,11.178247734138973,-16.761720061262167,4.421235104061766,8.443872734138973
24031704503,176705.0,250000.0,2000.0,3500.0,727700.0,990200.0,41.47873574601738,75.0,36.07255737254363,93.2129963898917,6.787003610108304,76.55430711610487,23.44569288389513,-16.658689273786834,16.658689273786827,87.19723183391004,1.5076618882847257,12.08601087493821,68.09583858764186,4.16141235813367,7.288776796973519,-19.101393246268174,2.6537504698489442,-4.797234077964692
24031704803,74623.0,121375.0,1547.0,1930.0,576100.0,636000.0,62.650925317931474,24.75759534583064,10.39750043395244,34.92863140218304,65.07136859781696,26.15,73.85000000000001,-8.778631402183041,8.778631402183052,71.35535307517085,3.843963553530752,14.664009111617313,56.51980418335558,11.637739207832666,10.65865598575879,-14.835548891815272,7.793775654301914,-4.005353125858523
24031704804,113346.0,132027.0,1912.0,2457.0,634900.0,645300.0,16.481393256047852,28.50418410041841,1.638053236730194,37.68,62.32,43.550051599587206,56.4499484004128,5.870051599587207,-5.870051599587207,73.60861759425494,3.7103530819868342,5.8647516457211255,68.98444647758463,7.502287282708142,7.456541628545288,-4.624171116670311,3.791934200721308,1.5917899828241628
24031704805,102098.0,134286.0,1842.0,2769.0,786100.0,724000.0,31.526572508766087,50.3257328990228,-7.899758300470679,20.922882427307208,79.07711757269279,15.974145891043396,84.0258541089566,-4.9487365362638105,4.948736536263809,71.87127532777116,7.926102502979737,4.112038140643624,67.5992438563327,6.1247637051039705,3.0623818525519853,-4.272031471438453,-1.8013387978757667,-1.0496562880916387
24031704806,87500.0,99904.0,1731.0,2352.0,559900.0,427400.0,14.176,35.875216637781634,-23.66494016788712,5.8271411810715685,94.17285881892845,11.055555555555555,88.94444444444444,5.228414374483987,-5.2284143744839895,75.73391630231106,4.372267332916927,6.339787632729545,65.39024390243902,4.341463414634146,10.878048780487806,-10.343672399872034,-0.030803918282781062,4.538261147758261
24031705501,102218.0,144118.0,2000.0,2415.0,627300.0,1147700.0,40.99082353401553,20.75,82.95871194006058,16.75170068027211,83.24829931972789,33.81887270424319,66.18112729575681,17.067172023971082,-17.067172023971082,86.66666666666667,0.8383233532934131,16.686626746506985,68.60572483841182,1.2927054478301014,5.540166204986149,-18.060941828254855,0.4543820945366883,-11.146460541520835
24031705502,155833.0,189828.0,2000.0,2409.0,1000000.0,1391500.0,21.81501992517631,20.45,39.15,81.60493827160494,18.395061728395063,86.60834454912518,13.391655450874833,5.0034062775202415,-5.003406277520233,93.16786079836234,0.9979529170931423,5.578300921187308,81.0415166786657,5.015598752099832,7.271418286537077,-12.12634411969664,4.0176458350066895,1.693117365349769
24031705601,198750.0,250000.0,2000.0,3500.0,784100.0,1137500.0,25.78616352201258,75.0,45.07078178803724,95.73542210617929,4.2645778938207135,96.18949536560248,3.810504634397528,0.4540732594231826,-0.4540732594231853,85.38461538461539,3.6630036630036633,9.047619047619047,76.3060848186847,2.15119852489244,9.4960049170252,-9.078530565930691,-1.5118051381112232,0.44838586940615244
24031705602,87377.0,125496.0,1738.0,2668.0,401700.0,630300.0,43.62589697517653,53.50978135788262,56.90814040328603,55.65464126469396,44.34535873530604,39.76752377597746,60.23247622402255,-15.887117488716498,15.887117488716504,80.03790271636134,2.800589597810065,9.938934512528954,72.32623749679405,4.873044370351373,13.926647858425238,-7.711665219567294,2.072454772541308,3.9877133458962835
24031705701,150069.0,202841.0,1804.0,2681.0,875000.0,1137300.0,35.1651573609473,48.61419068736142,29.97714285714286,70.60953530476766,29.39046469523235,71.46185206755969,28.538147932440307,0.8523167627920287,-0.8523167627920429,88.82655446470314,1.753155680224404,4.417952314165498,79.66502039939876,6.205711831651278,6.119819626368907,-9.16153406530438,4.452556151426874,1.701867312203409
24031705702,174464.0,210917.0,2000.0,3500.0,994200.0,1246900.0,20.89428191489361,75.0,25.41742104204385,89.26453143534994,10.73546856465006,90.29184038117928,9.708159618820726,1.027308945829347,-1.0273089458293327,96.98741007194245,0.0,7.3965827338129495,76.63630586740098,0.7413683541622538,13.958907011226435,-20.35110420454147,0.7413683541622538,6.562324277413485
24031705901,196833.0,250000.0,2000.0,3500.0,907800.0,1399400.0,27.0112227116388,75.0,54.152897113901744,89.30555555555556,10.694444444444445,93.80222841225628,6.197771587743732,4.496672856700712,-4.496672856700712,83.60990553995404,2.2466173091651775,7.046208833290783,69.10176889501494,7.6728692855501945,9.809326900987825,-14.5081366449391,5.426251976385017,2.763118067697042
24031705902,190066.0,250000.0,2000.0,3500.0,892300.0,1241100.0,31.53325686866668,75.0,39.08999215510479,87.09677419354838,12.903225806451612,88.0967952910399,11.903204708960104,1.000021097491512,-1.0000210974915067,82.93135435992579,3.0148423005565865,5.681818181818182,67.83720930232559,2.558139534883721,10.209302325581396,-15.094145057600201,-0.4567027656728655,4.527484143763214
24031705903,203750.0,250000.0,2000.0,3500.0,919700.0,1370600.0,22.699386503067483,75.0,49.02685658366859,81.3579511614056,18.6420488385944,91.87301587301587,8.126984126984127,10.51506471161028,-10.515064711610275,81.32940108892922,0.0,8.552631578947368,66.52649285113542,1.5138772077375946,5.5929352396972245,-14.802908237793801,1.5138772077375946,-2.9596963392501436
24031706005,214776.0,250000.0,2000.0,1905.0,1000000.0,1657000.0,16.400342682608855,-4.75,65.7,85.99096191091027,14.009038089089737,87.38346799254195,12.616532007458048,1.39250608163168,-1.3925060816316872,74.18664383561644,6.0145547945205475,6.592465753424658,58.00178810907466,5.744300402324542,5.945462673223067,-16.184855726541777,-0.2702543921960059,-0.6470030802015909
24031706007,201128.0,250000.0,2000.0,3500.0,941500.0,1233100.0,24.298953900003976,75.0,30.971853425385028,97.18126626192542,2.818733738074588,93.98559932232104,6.01440067767895,-3.195666939604365,3.195666939604361,72.14542438484932,5.017970693945259,5.501797069394526,58.089171974522294,4.585987261146497,4.869072894550602,-14.056252410327026,-0.43198343279876195,-0.6327241748439247
24031706008,239531.0,250000.0,2000.0,2861.0,1000000.0,1486400.0,4.3706242615778335,43.05,48.64,94.54349000540248,5.456509994597515,96.7741935483871,3.225806451612903,2.230703542984614,-2.230703542984612,76.49760765550239,1.014354066985646,5.473684210526316,66.71140939597315,0.9395973154362416,4.256951102588687,-9.786198259529243,-0.07475675154940431,-1.2167331079376291
24031706009,250000.0,250000.0,2000.0,3500.0,1000000.0,1392300.0,0.0,75.0,39.23,93.58068315665489,6.419316843345111,93.87096774193547,6.129032258064516,0.2902845852806024,-0.2902845852805953,80.90632276553823,4.155471968475729,5.39136664875515,73.2360097323601,5.015908665543702,8.010481003181733,-7.670313033178132,0.8604366970679731,2.619114354426583
24031706010,127167.0,200278.0,2000.0,,697200.0,885400.0,57.49211666548712,,26.99368904188181,81.97026022304833,18.029739776951672,82.45778611632271,17.5422138836773,0.4875258932743804,-0.4875258932743733,68.27880512091038,15.007112375533428,4.4452347083926025,55.9114139693356,13.798977853492334,8.551959114139693,-12.367391151574779,-1.2081345220410942,4.106724405747091
24031706011,197832.0,250000.0,2000.0,3500.0,865800.0,1073400.0,26.36984916494804,75.0,23.977823977823977,95.9093421779989,4.090657822001106,91.93457416807672,8.065425831923294,-3.9747680099221863,3.974768009922189,76.16169248205516,3.947865508122403,5.9501322251605595,50.654107796964944,4.378161521018664,20.11163439734868,-25.507584685090215,0.4302960128962612,14.161502172188122
24031706012,64909.0,74063.0,1226.0,1721.0,310200.0,348000.0,14.10282087229814,40.37520391517128,12.18568665377176,51.68112798264642,48.318872017353584,64.21596783457782,35.78403216542217,12.534839851931402,-12.534839851931416,59.780907668231606,11.737089201877934,13.959311424100157,47.089783281733745,16.439628482972136,17.492260061919502,-12.691124386497862,4.702539281094202,3.532948637819345
24031706013,213438.0,250000.0,2000.0,,938700.0,1180600.0,17.130033077521343,,25.769681474379464,96.40591966173362,3.5940803382663846,89.70099667774086,10.299003322259136,-6.704922983992759,6.704922983992751,81.94921070693205,3.63761153054221,13.726835964310228,60.37099494097807,14.232715008431704,6.0370994940978076,-21.578215765953978,10.595103477889495,-7.68973647021242
