GEOID,MHI_2013,MHI_2023,Rent_2013,Rent_2023,Value_2013,Value_2023,Income_Change_%,Rent_Change_%,Value_Change_%,OwnerPct_2013,RenterPct_2013,OwnerPct_2023,RenterPct_2023,OwnerChangePct,RenterChangePct
24031007004,123173.0,183672.0,1328.0,1530.0,600200.0,811800.0,49.1170954673508,15.210843373493976,35.25491502832389,85.62874251497006,14.37125748502994,85.88807785888078,14.111922141119221,0.25933534391072044,-0.25933534391071866
24031007005,104648.0,197727.0,1637.0,1934.0,455100.0,700200.0,88.94484366638636,18.142944410507024,53.85629531970996,92.6042486231314,7.395751376868607,90.94357515410148,9.05642484589853,-1.6606734690299163,1.6606734690299225
24031007018,63355.0,100114.0,1058.0,1449.0,569600.0,857800.0,58.020677136769,36.95652173913043,50.59691011235955,48.06939003917179,51.9306099608282,52.85412262156448,47.14587737843552,4.784732582392685,-4.784732582392678
24031007019,55833.0,57283.0,1208.0,1447.0,388700.0,597900.0,2.5970304300324183,19.78476821192053,53.82042706457422,16.61608497723824,83.38391502276176,29.513343799058084,70.48665620094191,12.897258821819843,-12.897258821819847
24031007020,47904.0,67902.0,1208.0,1629.0,255400.0,386100.0,41.74599198396793,34.85099337748344,51.17462803445576,44.157369348209045,55.842630651790955,39.19563735514656,60.80436264485344,-4.961731993062486,4.961731993062486
24031007022,130893.0,198906.0,1290.0,2013.0,437300.0,599500.0,51.96076184364328,56.04651162790698,37.09124171049623,90.73139974779319,9.26860025220681,84.13333333333334,15.866666666666667,-6.598066414459851,6.598066414459858
24031007025,64977.0,,1533.0,,249200.0,,,,,,,,,,
24031007027,94167.0,131076.0,1373.0,1892.0,608000.0,857700.0,39.195259485807135,37.80043699927167,41.06907894736842,50.50423557886244,49.49576442113756,58.12244897959184,41.87755102040816,7.618213400729395,-7.618213400729395
24031007028,96181.0,148911.0,1733.0,2003.0,539200.0,707500.0,54.823717782098335,15.579919215233698,31.212908011869438,49.1588785046729,50.8411214953271,53.88371060807812,46.11628939192188,4.72483210340522,-4.72483210340522
24031007029,110956.0,154312.0,1376.0,1562.0,634700.0,859000.0,39.074948628285085,13.517441860465116,35.339530486844176,70.74372759856631,29.25627240143369,67.69425675675676,32.30574324324324,-3.0494708418095513,3.0494708418095513
24031007030,109722.0,168750.0,1900.0,2421.0,415500.0,600900.0,53.79777984360474,27.421052631578945,44.62093862815885,85.77524893314367,14.224751066856332,92.96636085626912,7.033639143730887,7.1911119231254474,-7.191111923125445
24031007031,105089.0,172105.0,1924.0,2149.0,382500.0,553000.0,63.77070863744064,11.694386694386695,44.575163398692816,84.74148802017655,15.258511979823455,82.99805321219988,17.00194678780013,-1.7434348079766693,1.7434348079766746
24031007038,66174.0,79806.0,1492.0,2023.0,404100.0,608400.0,20.600235742134373,35.58981233243968,50.55679287305123,18.118948824343015,81.88105117565698,34.987384356602185,65.01261564339781,16.86843553225917,-16.86843553225917
24031007040,75912.0,140781.0,1221.0,1549.0,371200.0,559900.0,85.45289282326904,26.863226863226863,50.835129310344826,63.69529983792545,36.30470016207455,58.808193668528865,41.191806331471135,-4.887106169396581,4.887106169396581
24031007041,161200.0,210329.0,2000.0,3500.0,757000.0,1052800.0,30.477047146401983,75.0,39.07529722589168,86.31578947368422,13.684210526315791,91.40914709517924,8.590852904820766,5.0933576214950165,-5.093357621495025
24031007042,106000.0,149698.0,1379.0,2105.0,643200.0,919400.0,41.22452830188679,52.64684554024656,42.941542288557216,52.41545893719807,47.58454106280193,60.83333333333333,39.166666666666664,8.417874396135261,-8.417874396135268
24031007043,137500.0,206985.0,2000.0,2801.0,636900.0,901700.0,50.53454545454545,40.05,41.5763856178364,88.3076923076923,11.692307692307692,88.19241982507289,11.807580174927114,-0.11527248261941736,0.11527248261942269
24031007046,148669.0,204559.0,2000.0,2404.0,718400.0,1116100.0,37.59358036981482,20.200000000000003,55.35913140311804,81.03632478632478,18.963675213675213,70.85656360871769,29.14343639128231,-10.17976117760709,10.179761177607098
24031007047,234659.0,250000.0,2000.0,1872.0,1000000.0,1631900.0,6.5375715399792895,-6.4,63.190000000000005,92.00298953662183,7.997010463378176,87.25701943844493,12.742980561555076,-4.7459700981768975,4.745970098176899
24031007050,131848.0,203203.0,2000.0,3500.0,760400.0,1127600.0,54.11913718827741,75.0,48.290373487638085,66.77740863787376,33.222591362126245,63.40269277845777,36.59730722154223,-3.3747158594159927,3.3747158594159856
24031007051,175662.0,223313.0,2000.0,2423.0,907000.0,1292400.0,27.1265270804158,21.15,42.49173098125689,81.14794656110837,18.852053438891637,81.80435884439939,18.195641155600608,0.6564122832910186,-0.6564122832910293
24031007052,250000.0,250000.0,2000.0,3500.0,969900.0,1366300.0,0.0,75.0,40.87019280338179,97.27831431079895,2.7216856892010535,90.51282051282051,9.487179487179487,-6.765493797978436,6.765493797978434
24031007053,250000.0,250000.0,2000.0,3500.0,1000000.0,2000000.0,0.0,75.0,100.0,97.30941704035875,2.690582959641256,97.0059880239521,2.9940119760479043,-0.3034290164066533,0.30342901640664843
24031007054,250000.0,250000.0,2000.0,3500.0,1000000.0,1678700.0,0.0,75.0,67.86999999999999,94.42190669371196,5.578093306288032,94.46092977250248,5.539070227497527,0.039023078790521026,-0.03902307879050504
24031007058,185500.0,244468.0,2000.0,2986.0,932600.0,1272000.0,31.78867924528302,49.3,36.39288012009436,85.40017590149517,14.599824098504838,82.7720207253886,17.2279792746114,-2.6281551761065742,2.628155176106562
24031700101,159663.0,191146.0,1417.0,,617600.0,767200.0,19.718406894521586,,24.22279792746114,99.93666877770741,0.06333122229259025,96.50909090909092,3.490909090909091,-3.4275778686164955,3.427577868616501
24031700103,154265.0,198375.0,2000.0,1214.0,617100.0,836700.0,28.59365377759051,-39.3,35.585804569761784,97.9381443298969,2.0618556701030926,94.38888888888889,5.611111111111111,-3.5492554410080146,3.549255441008018
24031700104,112337.0,116296.0,1676.0,1696.0,332900.0,441500.0,3.5242173104142003,1.1933174224343674,32.62240913187144,83.29369797859691,16.70630202140309,94.90968801313629,5.0903119868637114,11.61599003453938,-11.61599003453938
24031700105,103480.0,134514.0,1638.0,2481.0,322500.0,438800.0,29.99033629686896,51.46520146520146,36.06201550387597,88.10759792354884,11.892402076451155,86.9380028395646,13.061997160435402,-1.169595083984234,1.1695950839842464
24031700204,84175.0,118971.0,1676.0,1866.0,398200.0,493700.0,41.33768933768934,11.336515513126493,23.982923154193877,90.8466819221968,9.153318077803203,94.3109987357775,5.689001264222504,3.4643168135807088,-3.464316813580699
24031700205,149537.0,,1625.0,,497300.0,,,,,,,,,,
24031700206,125593.0,177708.0,1769.0,,441100.0,566500.0,41.49514702252514,,28.428927680798004,96.88796680497926,3.112033195020747,95.96730245231608,4.032697547683924,-0.9206643526631808,0.9206643526631768
24031700207,84531.0,130044.0,1544.0,1654.0,304700.0,425100.0,53.84178585371048,7.124352331606218,39.51427633738104,84.8108108108108,15.18918918918919,77.48827514330381,22.511724856696198,-7.3225356675069975,7.322535667507008
24031700208,100375.0,125167.0,985.0,1606.0,423500.0,513600.0,24.699377334993773,63.045685279187815,21.27508854781582,84.16666666666667,15.833333333333332,95.55895865237366,4.44104134762634,11.39229198570699,-11.392291985706992
24031700209,,188305.0,,3078.0,,581500.0,,,,,,,,,
24031700210,,181689.0,,2198.0,,660700.0,,,,,,,,,
24031700304,104956.0,,1682.0,,394500.0,,,,,,,,,,
24031700306,110000.0,145724.0,2000.0,2407.0,343500.0,434200.0,32.47636363636364,20.35,26.404657933042213,82.09018120522545,17.909818794774544,83.8209982788296,16.179001721170398,1.7308170736041575,-1.7308170736041468
24031700308,90577.0,122361.0,1490.0,2003.0,305800.0,390600.0,35.09058591033043,34.42953020134228,27.730542838456508,73.69658957271659,26.30341042728342,73.63473589973142,26.365264100268575,-0.06185367298516553,0.06185367298515487
24031700309,84018.0,96623.0,1508.0,1898.0,260000.0,338900.0,15.0027375086291,25.86206896551724,30.346153846153847,54.55680399500624,45.44319600499376,58.94039735099338,41.05960264900662,4.383593355987138,-4.383593355987138
24031700310,78288.0,93338.0,1393.0,1845.0,218100.0,346900.0,19.223891273247496,32.44795405599425,59.05547913801009,57.652880876634846,42.34711912336515,72.93288839451242,27.067111605487582,15.280007517877571,-15.280007517877564
24031700311,130114.0,,2000.0,,448300.0,,,,,,,,,,
24031700312,132993.0,,1521.0,,456900.0,,,,,,,,,,
24031700313,,103750.0,,2115.0,,426600.0,,,,,,,,,
24031700314,,216719.0,,2132.0,,745900.0,,,,,,,,,
24031700315,,214688.0,,2719.0,,670000.0,,,,,,,,,
24031700316,,163235.0,,2442.0,,539600.0,,,,,,,,,
24031700317,,171190.0,,3214.0,,678200.0,,,,,,,,,
24031700318,,168214.0,,2531.0,,514100.0,,,,,,,,,
24031700604,166417.0,217679.0,1478.0,3500.0,726100.0,908400.0,30.80334340842582,136.8064952638701,25.10673460955791,94.3820224719101,5.617977528089887,97.20594862550699,2.794051374493015,2.8239261535968865,-2.8239261535968723
24031700606,158375.0,164688.0,2000.0,2473.0,580700.0,758000.0,3.986108918705604,23.65,30.53211641122783,93.80392156862744,6.196078431372549,94.43671766342142,5.563282336578582,0.6327960947939744,-0.6327960947939673
24031700607,164826.0,,2000.0,,628500.0,,,,,,,,,,
24031700608,232566.0,250000.0,1867.0,3500.0,1000000.0,1341300.0,7.49636662280815,87.46652383502946,34.13,96.60922734852696,3.3907726514730405,93.64719228587634,6.352807714123652,-2.962035062650614,2.9620350626506116
24031700610,142073.0,159188.0,2000.0,2308.0,481100.0,625500.0,12.046623918689688,15.4,30.014549989607147,96.9655172413793,3.0344827586206895,89.9390243902439,10.060975609756099,-7.0264928511354015,7.0264928511354094
24031700611,151147.0,215000.0,2000.0,3050.0,594100.0,752600.0,42.24562842795424,52.5,26.679010267631718,91.33949191685913,8.660508083140877,92.52607184241019,7.4739281575898024,1.186579925551058,-1.186579925551075
24031700613,129500.0,164821.0,1732.0,2339.0,550600.0,666600.0,27.27490347490347,35.04618937644342,21.06792589901925,66.68280871670702,33.31719128329298,77.75609756097562,22.243902439024392,11.073288844268603,-11.073288844268586
24031700614,74389.0,86460.0,1502.0,1810.0,211700.0,325400.0,16.226861498339808,20.505992010652463,53.708077468115256,58.89811980760822,41.10188019239178,63.29113924050633,36.708860759493675,4.3930194328981145,-4.393019432898107
24031700615,145417.0,210000.0,2000.0,2719.0,609600.0,789000.0,44.41227641885062,35.95,29.429133858267715,97.27272727272728,2.727272727272727,92.10526315789474,7.894736842105263,-5.167464114832541,5.167464114832535
24031700616,127228.0,177768.0,2000.0,2538.0,543100.0,758500.0,39.72396013456157,26.9,39.66120419812189,89.24434638720354,10.75565361279647,93.8682322243966,6.131767775603391,4.623885837193072,-4.623885837193079
24031700617,,181042.0,,1994.0,,739800.0,,,,,,,,,
24031700618,,207875.0,,3500.0,,825900.0,,,,,,,,,
24031700704,72554.0,,1164.0,,358400.0,,,,,,,,,,
24031700706,69444.0,102917.0,1411.0,1932.0,323200.0,513600.0,48.20142848914233,36.92416725726435,58.91089108910891,42.5914445133292,57.4085554866708,36.422413793103445,63.577586206896555,-6.169030720225756,6.169030720225756
24031700710,92269.0,121823.0,1582.0,1791.0,375400.0,504200.0,32.0302593503777,13.211125158027812,34.310069259456576,81.74334140435835,18.256658595641646,78.67752755150934,21.322472448490657,-3.065813852849004,3.0658138528490113
24031700711,97632.0,116150.0,1576.0,2405.0,379900.0,518500.0,18.967141920681744,52.60152284263959,36.483285075019744,75.44513457556936,24.55486542443064,70.61704211557297,29.38295788442703,-4.828092459996384,4.8280924599963875
24031700713,48485.0,53333.0,1373.0,1844.0,228800.0,294700.0,9.998968753222648,34.304442825928625,28.802447552447557,32.63598326359833,67.36401673640168,35.08064516129033,64.91935483870968,2.4446618976920007,-2.4446618976920007
24031700715,98433.0,104456.0,2000.0,2298.0,304300.0,389700.0,6.118882894964087,14.9,28.064410121590537,86.07046070460704,13.929539295392953,78.37521917007598,21.62478082992402,-7.695241534531064,7.695241534531068
24031700716,83726.0,,1546.0,,277900.0,,,,,,,,,,
24031700717,66964.0,,1361.0,,318000.0,,,,,,,,,,
24031700718,113679.0,120918.0,2000.0,2470.0,472100.0,606200.0,6.367930752381707,23.5,28.40499894090235,43.03170409511228,56.96829590488771,51.698670605612996,48.301329394387,8.666966510500714,-8.666966510500714
24031700719,55013.0,,1258.0,,200700.0,,,,,,,,,,
24031700720,94624.0,151667.0,1421.0,2178.0,401400.0,545300.0,60.283860331416975,53.27234342012667,35.84952665670155,73.93410852713178,26.06589147286822,55.59471365638766,44.40528634361233,-18.339394870744123,18.339394870744112
24031700721,60648.0,75058.0,1240.0,1755.0,168600.0,211600.0,23.760058039836437,41.53225806451613,25.50415183867141,42.785445420326226,57.21455457967378,58.53080568720379,41.46919431279621,15.745360266877562,-15.745360266877569
24031700722,77614.0,,1470.0,,255300.0,,,,,,,,,,
24031700723,62431.0,93846.0,1559.0,2129.0,299500.0,457900.0,50.31955278627605,36.56189865298269,52.88814691151919,20.506454816286,79.493545183714,12.09862385321101,87.90137614678899,-8.40783096307499,8.407830963074986
24031700724,44784.0,63361.0,1269.0,1485.0,145700.0,530200.0,41.48133261879243,17.02127659574468,263.8984214138641,14.388489208633093,85.61151079136691,6.1465721040189125,93.85342789598108,-8.241917104614181,8.241917104614174
24031700725,,72031.0,,1916.0,,279200.0,,,,,,,,,
24031700726,,,,1889.0,,490800.0,,,,,,,,,
24031700727,,85500.0,,1568.0,,440800.0,,,,,,,,,
24031700728,,99444.0,,2111.0,,554000.0,,,,,,,,,
24031700729,,130833.0,,1824.0,,445400.0,,,,,,,,,
24031700730,,111842.0,,1850.0,,471900.0,,,,,,,,,
24031700731,,77281.0,,2084.0,,471300.0,,,,,,,,,
24031700732,,80375.0,,1486.0,,314400.0,,,,,,,,,
24031700733,,86231.0,,1837.0,,304400.0,,,,,,,,,
24031700810,99960.0,153281.0,1738.0,2253.0,336300.0,398200.0,53.342336934773904,29.63176064441887,18.4061849539102,86.76470588235294,13.23529411764706,82.78641335636155,17.213586643638457,-3.9782925259913924,3.9782925259913977
24031700811,83389.0,90217.0,1846.0,2327.0,267700.0,371700.0,8.188130328940268,26.05633802816901,38.84945834889802,67.9375,32.0625,72.41610738255034,27.583892617449663,4.4786073825503365,-4.4786073825503365
24031700812,76471.0,90919.0,1415.0,2160.0,268500.0,346700.0,18.89343672764839,52.65017667844523,29.124767225325886,74.4186046511628,25.581395348837212,77.84431137724552,22.15568862275449,3.4257067260827228,-3.4257067260827228
24031700813,76018.0,102468.0,1234.0,1626.0,243400.0,367600.0,34.794390802178434,31.766612641815232,51.02711585866886,72.67297162767547,27.32702837232454,76.91556857003417,23.08443142996584,4.242596942358702,-4.242596942358702
24031700815,90962.0,106404.0,1796.0,2296.0,268200.0,366500.0,16.976319781886943,27.839643652561247,36.6517524235645,83.73540856031128,16.264591439688715,79.73291437549096,20.267085624509036,-4.002494184820321,4.002494184820321
24031700816,72681.0,,1407.0,,286400.0,,,,,,,,,,
24031700817,84583.0,,1733.0,,373300.0,,,,,,,,,,
24031700818,65422.0,79668.0,1404.0,1776.0,244600.0,370400.0,21.775549509339363,26.495726495726498,51.43090760425184,24.685343077547707,75.3146569224523,22.22222222222222,77.77777777777779,-2.463120855325485,2.463120855325485
24031700819,75343.0,102798.0,1672.0,2099.0,258800.0,360100.0,36.44001433444381,25.53827751196172,39.14219474497681,88.08152414709792,11.918475852902082,68.92797319932998,31.072026800670017,-19.15355094776794,19.153550947767933
24031700820,62558.0,86746.0,1521.0,2105.0,415100.0,550500.0,38.664918955209565,38.39579224194608,32.618646109371234,25.35804549283909,74.64195450716092,40.1010101010101,59.898989898989896,14.742964608171008,-14.742964608171022
24031700822,65476.0,79183.0,1356.0,1691.0,135500.0,167200.0,20.934388172765598,24.70501474926253,23.39483394833948,54.69448584202683,45.30551415797318,54.179566563467496,45.82043343653251,-0.5149192785593328,0.5149192785593328
24031700823,109417.0,160789.0,2000.0,2732.0,379100.0,536900.0,46.95065666212746,36.6,41.62490108150884,88.996138996139,11.003861003861005,89.94229183841715,10.057708161582852,0.9461528422781527,-0.9461528422781527
24031700824,132930.0,220385.0,1495.0,2163.0,617600.0,748000.0,65.79026555329874,44.68227424749164,21.1139896373057,90.47131147540983,9.528688524590164,93.96471680594243,6.035283194057568,3.493405330532596,-3.493405330532596
24031700826,122981.0,165700.0,1823.0,2369.0,542800.0,767300.0,34.73626007269416,29.95063082830499,41.35961680176861,64.12386706948641,35.87613293051359,71.32784958871915,28.672150411280846,7.2039825192327385,-7.203982519232746
24031700828,154896.0,212065.0,1685.0,2133.0,599600.0,848200.0,36.90798987707881,26.58753709198813,41.46097398265511,91.92708333333334,8.072916666666668,86.81818181818181,13.18181818181818,-5.10890151515153,5.108901515151512
24031700829,128594.0,150052.0,2000.0,2713.0,428800.0,480400.0,16.686626125635723,35.65,12.03358208955224,89.85868661679135,10.141313383208644,82.44147157190636,17.558528428093645,-7.417215044884983,7.417215044885001
24031700830,64621.0,88163.0,1738.0,2195.0,373600.0,470900.0,36.43088160195602,26.294591484464902,26.043897216274093,21.428571428571427,78.57142857142857,10.283018867924529,89.71698113207547,-11.145552560646898,11.145552560646905
24031700832,70405.0,86696.0,1206.0,1778.0,260700.0,337400.0,23.13898160642,47.42951907131012,29.42079018028385,83.24084350721421,16.75915649278579,76.22950819672131,23.770491803278688,-7.011335310492896,7.011335310492896
24031700833,81056.0,108221.0,1218.0,1799.0,331700.0,394500.0,33.51386695617845,47.70114942528736,18.932770575821525,70.65693430656934,29.34306569343066,78.54435178165276,21.455648218347235,7.887417475083424,-7.887417475083424
24031700834,90788.0,107639.0,1668.0,2045.0,235400.0,304300.0,18.56082301625765,22.60191846522782,29.269328802039084,67.98170383076044,32.01829616923956,78.11059907834101,21.889400921658986,10.128895247580573,-10.128895247580576
24031700835,140550.0,162600.0,2000.0,2282.0,493700.0,608900.0,15.68836712913554,14.099999999999998,23.3340085071906,88.3638928067701,11.6361071932299,93.61370716510903,6.386292834890965,5.249814358338938,-5.249814358338935
24031700836,,89196.0,,1968.0,,402900.0,,,,,,,,,
24031700837,,101408.0,,2143.0,,383500.0,,,,,,,,,
24031700838,,107250.0,,2244.0,,415100.0,,,,,,,,,
24031700839,,99602.0,,2305.0,,608100.0,,,,,,,,,
24031700901,78917.0,82617.0,1596.0,2177.0,316500.0,485400.0,4.688470164856748,36.40350877192983,53.3649289099526,19.986697705354175,80.01330229464583,35.19630484988453,64.80369515011547,15.209607144530352,-15.209607144530352
24031700902,88068.0,116982.0,1608.0,1804.0,326000.0,455100.0,32.831448426216106,12.18905472636816,39.60122699386503,76.54145995747696,23.458540042523033,65.60457516339869,34.39542483660131,-10.936884794078267,10.936884794078274
24031700903,82222.0,103365.0,1501.0,2116.0,338700.0,485600.0,25.71452895818637,40.97268487674883,43.371715382344256,36.74121405750799,63.25878594249201,43.48441926345609,56.51558073654391,6.743205205948101,-6.743205205948101
24031700904,68571.0,91136.0,1387.0,2027.0,267900.0,622900.0,32.90749733852503,46.14275414563807,132.51213139231058,7.095709570957095,92.9042904290429,10.646108663729809,89.35389133627018,3.5503990927727136,-3.5503990927727216
24031700905,86630.0,103924.0,1704.0,2144.0,609700.0,843900.0,19.96306129516334,25.821596244131456,38.41233393472199,26.863666890530556,73.13633310946945,13.892145369284878,86.10785463071512,-12.971521521245679,12.971521521245677
24031701001,101346.0,149402.0,1481.0,1751.0,521800.0,733700.0,47.41775699090245,18.23092505064146,40.60942889996167,80.47229791099001,19.527702089009992,74.12488174077578,25.875118259224216,-6.347416170214231,6.347416170214224
24031701002,203125.0,226528.0,2000.0,3039.0,688800.0,929500.0,11.521476923076923,51.95,34.944831591173056,68.3249370277078,31.67506297229219,92.2782874617737,7.721712538226299,23.953350434065896,-23.95335043406589
24031701004,108603.0,148301.0,1794.0,2899.0,537200.0,683500.0,36.55331804830438,61.59420289855072,27.23380491437081,74.19918462434478,25.800815375655212,71.6012084592145,28.3987915407855,-2.5979761651302766,2.5979761651302873
24031701005,121250.0,164028.0,2000.0,3054.0,639400.0,731700.0,35.28082474226804,52.7,14.435408195182983,80.41704442429737,19.58295557570263,74.54819277108435,25.451807228915662,-5.868851653213028,5.8688516532130315
24031701006,138167.0,195417.0,2000.0,2554.0,606600.0,842800.0,41.435364450266704,27.700000000000003,38.938344873062974,89.24191750278708,10.758082497212932,89.74358974358975,10.256410256410255,0.5016722408026766,-0.5016722408026766
24031701007,99539.0,122531.0,1879.0,2457.0,597700.0,741700.0,23.09848401129205,30.76104310803619,24.09235402375774,36.36363636363637,63.63636363636363,56.49717514124294,43.50282485875706,20.133538777606574,-20.133538777606574
24031701101,103869.0,149651.0,1961.0,2573.0,343800.0,548700.0,44.07667350219989,31.20856705762366,59.59860383944153,83.24937027707809,16.750629722921914,90.76923076923077,9.230769230769232,7.519860492152688,-7.519860492152683
24031701102,79719.0,126402.0,1942.0,2329.0,318100.0,494300.0,58.55944003311632,19.92790937178167,55.39138635649167,71.49829184968277,28.501708150317228,69.26648096564531,30.73351903435469,-2.2318108840374578,2.2318108840374613
24031701201,91693.0,135443.0,1545.0,2395.0,337300.0,459800.0,47.71356592106268,55.016181229773466,36.31781796620219,51.49651496514965,48.50348503485035,66.29885057471265,33.701149425287355,14.802335609562995,-14.802335609562995
24031701202,142813.0,243125.0,2000.0,3076.0,618600.0,841100.0,70.24010419219539,53.8,35.96831555124474,93.25276938569989,6.747230614300101,88.87814313346229,11.121856866537717,-4.374626252237604,4.374626252237617
24031701205,174792.0,219118.0,2000.0,3248.0,796400.0,996100.0,25.359284177765574,62.4,25.075339025615268,78.71452420701168,21.285475792988315,80.05148005148006,19.948519948519948,1.3369558444683776,-1.336955844468367
24031701206,141151.0,246090.0,2000.0,3500.0,657600.0,815200.0,74.34520478069585,75.0,23.96593673965937,87.05140640155189,12.948593598448108,85.23613021549747,14.763869784502523,-1.8152761860544189,1.8152761860544153
24031701210,185556.0,243261.0,2000.0,,768200.0,955000.0,31.09842850675807,,24.31658422285863,93.73015873015873,6.26984126984127,94.04069767441861,5.959302325581396,0.31053894425987494,-0.31053894425987405
24031701211,114255.0,116864.0,1827.0,2247.0,568100.0,675300.0,2.2834886875847884,22.988505747126435,18.869917268086606,50.7890365448505,49.2109634551495,58.162821070962124,41.837178929037876,7.373784526111628,-7.373784526111628
24031701212,152656.0,196607.0,2000.0,3199.0,492700.0,671100.0,28.790876218425744,59.95,36.20864623503146,88.04469273743017,11.955307262569832,94.48275862068965,5.517241379310345,6.438065883259483,-6.438065883259487
24031701213,121938.0,,1988.0,,493500.0,,,,,,,,,,
24031701214,90223.0,101115.0,1711.0,2053.0,251500.0,,12.072309721467915,19.988310929281123,,40.87085601187531,59.12914398812469,38.39009287925697,61.60990712074303,-2.4807631326183426,2.4807631326183426
24031701215,84536.0,111277.0,1619.0,1884.0,281000.0,298900.0,31.6326772026119,16.368128474366895,6.370106761565836,47.04236610711431,52.95763389288569,50.68979109184075,49.31020890815924,3.6474249847264417,-3.647424984726449
24031701216,86667.0,114757.0,1946.0,2281.0,425200.0,512100.0,32.41141380225461,17.21479958890031,20.43744120413923,25.839499146272054,74.16050085372795,43.711419753086425,56.288580246913575,17.87192060681437,-17.871920606814378
24031701218,74565.0,85104.0,1708.0,1850.0,403100.0,413100.0,14.133977066988535,8.313817330210773,2.4807740014884643,19.82167352537723,80.17832647462278,15.211062590975255,84.78893740902474,-4.610610934401974,4.6106109344019615
24031701219,59375.0,74559.0,1533.0,1894.0,,,25.573052631578943,23.54859752120026,,0.31545741324921134,99.6845425867508,1.4615384615384615,98.53846153846155,1.14608104828925,-1.146081048289247
24031701220,180529.0,245505.0,1245.0,3337.0,857400.0,1042800.0,35.99200128511208,168.0321285140562,21.623512946116165,93.97697077059345,6.023029229406554,96.15069615069615,3.8493038493038494,2.1737253801026952,-2.173725380102705
24031701221,124213.0,182458.0,1833.0,2304.0,1000000.0,1056600.0,46.89122716623864,25.695581014729957,5.66,52.88235294117647,47.11764705882353,49.24242424242424,50.75757575757576,-3.639928698752229,3.639928698752229
24031701222,,155167.0,,2476.0,,753600.0,,,,,,,,,
24031701223,,126736.0,,2535.0,,439600.0,,,,,,,,,
24031701303,133182.0,194038.0,2000.0,3417.0,607300.0,731400.0,45.69386253397607,70.85000000000001,20.434711015972336,96.83357879234168,3.166421207658321,91.1042944785276,8.895705521472392,-5.729284313814077,5.729284313814071
24031701304,122708.0,195667.0,2000.0,2617.0,444500.0,631200.0,59.4574110897415,30.85,42.00224971878515,95.42910447761194,4.57089552238806,91.83366733466933,8.16633266533066,-3.5954371429426146,3.5954371429426004
24031701306,149375.0,210288.0,,2685.0,588600.0,730900.0,40.77857740585774,,24.17601087325858,95.80193756727664,4.198062432723358,99.10714285714286,0.8928571428571428,3.3052052898662225,-3.305205289866215
24031701307,142266.0,184348.0,1742.0,2260.0,569100.0,796900.0,29.57980121743776,29.73593570608496,40.02811456685996,93.33773087071239,6.662269129287599,95.8649789029536,4.135021097046414,2.5272480322412036,-2.527248032241185
24031701308,148885.0,165473.0,246.0,451.0,785000.0,770800.0,11.141485038788328,83.33333333333334,-1.8089171974522291,92.48516809492419,7.514831905075807,91.70081967213115,8.299180327868852,-0.7843484227930446,0.7843484227930446
24031701312,135725.0,164485.0,1079.0,2323.0,523500.0,584900.0,21.189906060047893,115.29193697868396,11.728748806112703,88.40141200201714,11.598587997982854,86.38113570741098,13.618864292589027,-2.0202762946061625,2.020276294606173
24031701313,111853.0,172167.0,1830.0,2306.0,464700.0,625800.0,53.92255907306912,26.01092896174864,34.667527437056165,88.38028169014085,11.619718309859154,86.28708901363272,13.712910986367282,-2.0931926765081244,2.093192676508128
24031701314,104457.0,165163.0,1419.0,2631.0,392200.0,546800.0,58.115779698823445,85.41226215644821,39.41866394696583,84.20019627085378,15.799803729146223,90.85365853658537,9.146341463414634,6.653462265731591,-6.653462265731589
24031701315,114417.0,155948.0,1487.0,2560.0,438600.0,485800.0,36.29792775549088,72.15870880968393,10.761513907888736,73.55473554735548,26.44526445264453,75.6210283073368,24.3789716926632,2.066292759981323,-2.06629275998133
24031701316,118158.0,177266.0,1459.0,2079.0,651200.0,782800.0,50.02454340797915,42.494859492803286,20.208845208845208,91.63199260286639,8.36800739713361,81.36986301369863,18.63013698630137,-10.262129589167756,10.26212958916776
24031701317,161944.0,204141.0,1500.0,2140.0,714300.0,862700.0,26.05653806254013,42.66666666666667,20.775584488310237,96.11510791366906,3.884892086330935,92.67605633802816,7.323943661971831,-3.439051575640903,3.439051575640896
24031701407,123500.0,175121.0,2000.0,2804.0,499000.0,674600.0,41.79838056680162,40.2,35.190380761523045,93.09051955008034,6.9094804499196565,92.62472885032538,7.37527114967462,-0.4657906997549617,0.46579069975496346
24031701408,125938.0,126050.0,1719.0,2585.0,529300.0,701200.0,0.0889326493989105,50.37812681791739,32.4768562252031,94.07093700370567,5.929062996294335,85.50512445095168,14.494875549048317,-8.565812552753982,8.565812552753982
24031701409,137083.0,204685.0,2000.0,2330.0,506600.0,645700.0,49.31464878941954,16.5,27.45756020529017,96.64153529814942,3.358464701850582,96.39705882352942,3.602941176470588,-0.24447647462000077,0.24447647462000566
24031701410,89672.0,,1716.0,,290000.0,,,,,,,,,,
24031701414,80964.0,125263.0,1616.0,1923.0,389400.0,561000.0,54.71444098611728,18.997524752475247,44.06779661016949,73.58096828046745,26.419031719532555,65.9592176446109,34.0407823553891,-7.621750635856543,7.621750635856543
24031701415,107668.0,111795.0,1224.0,1372.0,419000.0,577500.0,3.8330794665081545,12.091503267973856,37.828162291169456,85.65861262665628,14.341387373343725,91.60896130346232,8.391038696537677,5.950348676806044,-5.950348676806048
24031701417,63394.0,78427.0,1652.0,1872.0,238500.0,333200.0,23.71360065621352,13.317191283292978,39.70649895178197,26.79025808796801,73.20974191203199,31.74787316318639,68.2521268368136,4.957615075218381,-4.957615075218385
24031701418,103750.0,115167.0,1830.0,2752.0,334300.0,412400.0,11.00433734939759,50.38251366120219,23.362249476518095,84.18277680140598,15.817223198594025,88.40453356582388,11.595466434176112,4.221756764417904,-4.221756764417913
24031701420,68367.0,,2000.0,,309700.0,,,,,,,,,,
24031701421,75525.0,,1438.0,,203400.0,,,,,,,,,,
24031701422,42097.0,56631.0,1399.0,1768.0,,,34.52502553626149,26.375982844889208,,0.0,100.0,0.0,100.0,0.0,0.0
24031701423,57821.0,88389.0,1479.0,1852.0,270200.0,362000.0,52.8666055585341,25.21974306964165,33.97483345669875,47.91242362525458,52.08757637474542,52.18579234972678,47.81420765027322,4.273368724472199,-4.273368724472199
24031701424,,146085.0,,2357.0,,586100.0,,,,,,,,,
24031701425,,98802.0,,3144.0,,374000.0,,,,,,,,,
24031701426,,130701.0,,2140.0,,384500.0,,,,,,,,,
24031701427,,113952.0,,2379.0,,490200.0,,,,,,,,,
24031701503,93095.0,145625.0,1180.0,2532.0,377700.0,536200.0,56.42623126913367,114.57627118644066,41.96452210749272,81.6127603012849,18.387239698715106,96.16477272727273,3.835227272727273,14.55201242598784,-14.552012425987833
24031701505,76028.0,106462.0,1606.0,1830.0,389200.0,574700.0,40.02998895143895,13.947696139476962,47.66187050359712,47.57878554957725,52.421214450422745,45.6394211967149,54.3605788032851,-1.9393643528623485,1.9393643528623556
24031701506,134208.0,177404.0,2000.0,2756.0,444700.0,586500.0,32.18586075345732,37.8,31.886665167528676,89.73188819167142,10.26811180832858,85.28916339135317,14.710836608646826,-4.442724800318246,4.442724800318246
24031701507,122266.0,138611.0,1142.0,1806.0,487200.0,659600.0,13.368393502690854,58.14360770577933,35.385878489326764,67.17019133937563,32.82980866062437,89.32424758659853,10.675752413401476,22.154056247222897,-22.154056247222897
24031701508,54195.0,81032.0,1511.0,1797.0,280500.0,463700.0,49.51932835132392,18.927862342819324,65.31194295900178,19.323979591836736,80.67602040816327,24.162836506894287,75.8371634931057,4.838856915057551,-4.838856915057562
24031701509,48573.0,59854.0,1335.0,1753.0,436200.0,561500.0,23.224836843513884,31.310861423220977,28.72535534158643,21.836121836121837,78.16387816387817,19.06458797327394,80.93541202672606,-2.771533862847896,2.771533862847889
24031701601,67750.0,71507.0,1599.0,1938.0,452400.0,483300.0,5.545387453874539,21.200750469043157,6.830238726790451,9.054593874833555,90.94540612516646,11.349306431273645,88.65069356872635,2.294712556440089,-2.2947125564401034
24031701602,60078.0,70300.0,1374.0,1898.0,306700.0,452500.0,17.014547754585703,38.13682678311499,47.5383110531464,36.802575107296136,63.19742489270386,38.230088495575224,61.769911504424776,1.4275133882790882,-1.4275133882790811
24031701701,81649.0,103750.0,877.0,1252.0,546200.0,867300.0,27.068304572009456,42.7594070695553,58.78798974734529,52.21864951768489,47.78135048231511,51.28726287262872,48.71273712737128,-0.9313866450561648,0.9313866450561648
24031701702,62328.0,66708.0,942.0,1213.0,374600.0,599700.0,7.027339237581826,28.768577494692146,60.09076348104645,32.535885167464116,67.46411483253588,24.252136752136753,75.74786324786325,-8.283748415327363,8.283748415327366
24031701703,80565.0,99444.0,1047.0,1692.0,425500.0,610700.0,23.433252653137217,61.60458452722063,43.52526439482961,53.97196261682243,46.02803738317757,56.16438356164384,43.83561643835616,2.192420944821407,-2.192420944821407
24031701704,98897.0,131116.0,1040.0,1479.0,425000.0,679200.0,32.578339080052984,42.21153846153846,59.811764705882354,72.47619047619047,27.523809523809522,65.70289132602194,34.297108673978066,-6.773299150168526,6.773299150168544
24031702101,54183.0,81488.0,1271.0,1549.0,327600.0,503100.0,50.39403502943728,21.87254130605822,53.57142857142857,59.571129707112966,40.428870292887034,47.8137421919364,52.186257808063594,-11.757387515176568,11.75738751517656
24031702102,146964.0,228992.0,2000.0,3162.0,488400.0,660900.0,55.81502953104162,58.1,35.31941031941032,93.01121656600517,6.988783433994823,93.93326592517694,6.066734074823053,0.9220493591717656,-0.92204935917177
24031702301,59250.0,83201.0,1318.0,1698.0,263000.0,369900.0,40.42362869198312,28.83156297420334,40.64638783269962,30.968218773096822,69.03178122690318,34.20126671358199,65.79873328641803,3.2330479404851644,-3.23304794048515
24031702302,76769.0,93871.0,1176.0,1693.0,416700.0,588400.0,22.27722127421225,43.96258503401361,41.2047036237101,55.47798066595059,44.52201933404941,61.49253731343284,38.50746268656716,6.014556647482252,-6.014556647482252
24031702401,115694.0,179837.0,1324.0,1965.0,508500.0,761800.0,55.44194167372552,48.413897280966765,49.81317600786628,83.69876072449952,16.301239275500475,74.20998980632008,25.79001019367992,-9.48877091817944,9.488770918179444
24031702402,67159.0,93561.0,1263.0,1734.0,481500.0,632500.0,39.31267588856296,37.29216152019003,31.360332294911736,39.4990366088632,60.5009633911368,34.80885311871227,65.19114688128774,-4.690183490150929,4.690183490150936
24031702501,,109422.0,,2182.0,,428300.0,,,,,,,,,
24031702502,,86083.0,,1907.0,,478200.0,,,,,,,,,
24031702503,,79333.0,,2086.0,,690000.0,,,,,,,,,
24031702601,67779.0,,1735.0,,236000.0,,,,,,,,,,
24031702602,62104.0,98819.0,1609.0,2116.0,277300.0,320100.0,59.11857529305681,31.510254816656307,15.434547421565092,20.676202860858258,79.32379713914173,20.424058848983123,79.57594115101688,-0.252144011875135,0.2521440118751457
24031702603,,115147.0,,2233.0,,417600.0,,,,,,,,,
24031702604,,98452.0,,2071.0,,,,,,,,,,,
24031703201,95653.0,184808.0,2000.0,3360.0,391900.0,593500.0,93.20669503308837,68.0,51.4416943097729,83.86666666666667,16.133333333333333,91.46183699870633,8.538163001293661,7.5951703320396575,-7.595170332039672
24031703202,118371.0,162067.0,860.0,3500.0,444800.0,623000.0,36.91444695068893,306.9767441860465,40.06294964028777,84.3704066634003,15.629593336599706,84.1624828845276,15.837517115472387,-0.20792377887269708,0.2079237788726811
24031703206,93137.0,128125.0,1412.0,1791.0,431600.0,598600.0,37.5661659705595,26.841359773371103,38.693234476367,69.141689373297,30.858310626702995,74.77810650887574,25.22189349112426,5.636417135578739,-5.636417135578736
24031703207,58306.0,99404.0,1456.0,1896.0,447800.0,638000.0,70.48674235927692,30.21978021978022,42.47431889236266,46.40561075394506,53.59438924605494,30.067567567567565,69.93243243243244,-16.338043186377497,16.338043186377497
24031703208,124464.0,204934.0,2000.0,2662.0,413200.0,647900.0,64.65323306337577,33.1,56.80058083252663,91.62910495814552,8.370895041854476,92.38796807857581,7.612031921424187,0.7588631204302914,-0.7588631204302896
24031703209,62766.0,83284.0,1450.0,2215.0,367100.0,470400.0,32.68967275276424,52.75862068965517,28.13947153364206,64.90596238495398,35.09403761504602,49.976359338061464,50.02364066193853,-14.929603046892517,14.92960304689251
24031703210,88021.0,164135.0,2000.0,3036.0,345700.0,528900.0,86.47254632417264,51.8,52.993925368816896,95.11077158135983,4.889228418640183,84.91988689915175,15.080113100848255,-10.190884682208079,10.190884682208072
24031703212,110000.0,,1537.0,,404400.0,,,,,,,,,,
24031703213,48456.0,61699.0,1374.0,1940.0,124500.0,276100.0,27.329948819547628,41.19359534206696,121.76706827309236,23.482106956172093,76.5178930438279,20.67686601761706,79.32313398238294,-2.805240938555034,2.8052409385550447
24031703214,50196.0,66208.0,1448.0,1773.0,406200.0,572800.0,31.898956092118897,22.444751381215468,41.01427868045298,25.559347743648086,74.44065225635191,20.888157894736842,79.11184210526315,-4.671189848911244,4.67118984891124
24031703215,79135.0,96139.0,1711.0,2222.0,446800.0,616000.0,21.48733177481519,29.865575686732903,37.8692927484333,56.29202689721422,43.707973102785786,55.41941564561734,44.58058435438266,-0.8726112515968794,0.8726112515968723
24031703216,59487.0,41908.0,1438.0,1422.0,186900.0,235600.0,-29.550994334896703,-1.1126564673157162,26.05671482075976,85.88077095472883,14.119229045271178,86.42350557244174,13.576494427558258,0.5427346177129095,-0.5427346177129202
24031703218,48622.0,80111.0,1675.0,3500.0,200900.0,274200.0,64.76286454691292,108.95522388059702,36.48581383773021,78.91156462585033,21.08843537414966,79.89877078814173,20.10122921185828,0.9872061622914003,-0.9872061622913826
24031703219,53026.0,62768.0,1142.0,2038.0,274800.0,285500.0,18.3721193376834,78.45884413309983,3.893740902474527,80.3913043478261,19.608695652173914,82.11050724637681,17.889492753623188,1.7192028985507193,-1.7192028985507264
24031703220,69821.0,101866.0,1006.0,1596.0,259100.0,381400.0,45.895933888085246,58.64811133200796,47.20185256657661,63.834422657952075,36.165577342047925,61.12745098039216,38.872549019607845,-2.7069716775599133,2.7069716775599204
24031703221,113828.0,140714.0,1695.0,2368.0,398800.0,466800.0,23.619847489194225,39.70501474926253,17.051153460381144,87.16216216216216,12.837837837837837,90.48958919527294,9.510410804727067,3.32742703311078,-3.3274270331107694
24031703222,,79063.0,,2082.0,,452800.0,,,,,,,,,
24031703223,,167163.0,,1972.0,,648800.0,,,,,,,,,
24031703301,81790.0,122423.0,2000.0,3083.0,328300.0,484000.0,49.67966744100746,54.15,47.42613463295766,95.06694855532065,4.933051444679352,80.87706685837527,19.12293314162473,-14.189881696945378,14.18988169694538
24031703302,80469.0,111419.0,2000.0,3176.0,320500.0,453400.0,38.46201642868682,58.8,41.46645865834633,78.69955156950674,21.300448430493272,68.96860986547085,31.031390134529147,-9.730941704035885,9.730941704035875
24031703401,76282.0,101829.0,1825.0,2202.0,321500.0,457000.0,33.490207388374714,20.65753424657534,42.14618973561431,79.08719346049047,20.91280653950954,81.07344632768361,18.926553672316384,1.9862528671931443,-1.986252867193155
24031703402,94750.0,137500.0,2000.0,1993.0,339300.0,448700.0,45.11873350923483,-0.35,32.2428529325081,87.33705772811918,12.66294227188082,92.75653923541248,7.2434607645875255,5.419481507293298,-5.419481507293294
24031703403,67167.0,126471.0,1904.0,1931.0,288400.0,425600.0,88.29335834561614,1.4180672268907564,47.57281553398058,82.94736842105263,17.05263157894737,75.56935817805382,24.43064182194617,-7.378010242998812,7.378010242998801
24031703404,53854.0,98690.0,1694.0,1855.0,221200.0,378000.0,83.2547257399636,9.50413223140496,70.88607594936708,79.01098901098901,20.98901098901099,75.15375153751538,24.846248462484624,-3.8572374734736314,3.857237473473635
24031703501,56845.0,90934.0,1042.0,1441.0,283400.0,464200.0,59.96833494590553,38.29174664107486,63.79675370501059,62.75605214152699,37.243947858473,56.48241206030151,43.517587939698494,-6.27364008122548,6.273640081225494
24031703502,71875.0,98077.0,891.0,1648.0,425600.0,565200.0,36.45495652173913,84.96071829405163,32.80075187969925,71.88581314878893,28.11418685121107,70.87959009393681,29.120409906063195,-1.0062230548521143,1.006223054852125
24031703601,90500.0,123750.0,1690.0,1872.0,360100.0,546000.0,36.74033149171271,10.76923076923077,51.624548736462096,83.76935397757607,16.23064602242392,73.08584686774941,26.91415313225058,-10.683507109826664,10.68350710982666
24031703602,119514.0,179457.0,1179.0,2591.0,442400.0,687600.0,50.15563030272604,119.76251060220528,55.4249547920434,94.3089430894309,5.691056910569105,87.90243902439025,12.097560975609756,-6.40650406504065,6.406504065040651
24031703701,65625.0,123438.0,1830.0,2603.0,282900.0,395400.0,88.096,42.240437158469945,39.76670201484623,84.39597315436241,15.604026845637584,85.71428571428571,14.285714285714285,1.3183125599232994,-1.3183125599232994
24031703702,89135.0,116033.0,2000.0,2413.0,322500.0,559300.0,30.176698266674144,20.65,73.42635658914729,78.43583902809415,21.564160971905846,84.57047539616347,15.42952460383653,6.134636368069323,-6.134636368069316
24031703901,103684.0,180417.0,2000.0,1969.0,421100.0,624600.0,74.00659696770958,-1.55,48.325813345998576,89.41605839416059,10.583941605839415,85.09433962264151,14.90566037735849,-4.321718771519073,4.321718771519075
24031703902,84375.0,112057.0,1750.0,2474.0,346100.0,488900.0,32.8082962962963,41.37142857142857,41.25975151690263,55.55156306144448,44.44843693855552,61.00987091875475,38.99012908124526,5.458307857310267,-5.45830785731026
24031704401,158816.0,250000.0,2000.0,3273.0,655200.0,1010200.0,57.4148700382833,63.65,54.18192918192918,91.42607174103236,8.57392825896763,81.07074569789675,18.929254302103253,-10.355326043135605,10.355326043135623
24031704403,71125.0,92625.0,1511.0,1780.0,277400.0,251400.0,30.228471001757462,17.802779616148246,-9.372746935832732,65.61514195583597,34.38485804416404,71.93638914873713,28.06361085126286,6.321247192901168,-6.321247192901179
24031704404,134281.0,191220.0,2000.0,2341.0,642200.0,967700.0,42.40287159017285,17.05,50.68514481469947,76.0556621880998,23.944337811900194,81.84424271380793,18.15575728619207,5.788580525708127,-5.788580525708124
24031704501,130700.0,235938.0,2000.0,2919.0,622800.0,923400.0,80.51874521805662,45.95,48.26589595375722,88.77737226277372,11.222627737226277,83.1715210355987,16.828478964401295,-5.605851227175023,5.605851227175018
24031704502,201111.0,250000.0,2000.0,3500.0,743500.0,1055600.0,24.30946094445356,75.0,41.97713517148621,88.36032388663968,11.639676113360323,95.24361948955917,4.756380510440835,6.883295602919489,-6.883295602919488
24031704503,176705.0,250000.0,2000.0,3500.0,727700.0,990200.0,41.47873574601738,75.0,36.07255737254363,93.2129963898917,6.787003610108304,76.55430711610487,23.44569288389513,-16.658689273786834,16.658689273786827
24031704803,74623.0,121375.0,1547.0,1930.0,576100.0,636000.0,62.650925317931474,24.75759534583064,10.39750043395244,34.92863140218304,65.07136859781696,26.150000000000002,73.85000000000001,-8.778631402183041,8.778631402183052
24031704804,113346.0,132027.0,1912.0,2457.0,634900.0,645300.0,16.481393256047852,28.50418410041841,1.638053236730194,37.68,62.32,43.550051599587206,56.449948400412794,5.870051599587207,-5.870051599587207
24031704805,102098.0,134286.0,1842.0,2769.0,786100.0,724000.0,31.526572508766087,50.3257328990228,-7.899758300470679,20.922882427307208,79.07711757269279,15.974145891043397,84.0258541089566,-4.9487365362638105,4.948736536263809
24031704806,87500.0,99904.0,1731.0,2352.0,559900.0,427400.0,14.176,35.875216637781634,-23.66494016788712,5.8271411810715685,94.17285881892843,11.055555555555555,88.94444444444444,5.228414374483987,-5.2284143744839895
24031705501,102218.0,144118.0,2000.0,2415.0,627300.0,1147700.0,40.99082353401553,20.75,82.95871194006058,16.75170068027211,83.24829931972789,33.81887270424319,66.18112729575681,17.067172023971082,-17.067172023971082
24031705502,155833.0,189828.0,2000.0,2409.0,1000000.0,1391500.0,21.81501992517631,20.45,39.15,81.60493827160494,18.395061728395063,86.60834454912518,13.391655450874831,5.0034062775202415,-5.003406277520233
24031705601,198750.0,250000.0,2000.0,3500.0,784100.0,1137500.0,25.78616352201258,75.0,45.07078178803724,95.73542210617929,4.2645778938207135,96.18949536560247,3.810504634397528,0.45407325942318266,-0.4540732594231853
24031705602,87377.0,125496.0,1738.0,2668.0,401700.0,630300.0,43.62589697517653,53.50978135788262,56.90814040328603,55.65464126469396,44.34535873530604,39.76752377597746,60.23247622402255,-15.887117488716498,15.887117488716505
24031705701,150069.0,202841.0,1804.0,2681.0,875000.0,1137300.0,35.1651573609473,48.61419068736142,29.97714285714286,70.60953530476766,29.39046469523235,71.46185206755969,28.538147932440307,0.8523167627920287,-0.8523167627920429
24031705702,174464.0,210917.0,2000.0,3500.0,994200.0,1246900.0,20.894281914893615,75.0,25.41742104204385,89.26453143534994,10.73546856465006,90.29184038117928,9.708159618820726,1.027308945829347,-1.0273089458293327
24031705901,196833.0,250000.0,2000.0,3500.0,907800.0,1399400.0,27.0112227116388,75.0,54.152897113901744,89.30555555555556,10.694444444444445,93.80222841225627,6.197771587743732,4.496672856700712,-4.496672856700712
24031705902,190066.0,250000.0,2000.0,3500.0,892300.0,1241100.0,31.53325686866668,75.0,39.08999215510479,87.09677419354838,12.903225806451612,88.0967952910399,11.903204708960105,1.000021097491512,-1.0000210974915067
24031705903,203750.0,250000.0,2000.0,3500.0,919700.0,1370600.0,22.699386503067483,75.0,49.02685658366859,81.3579511614056,18.642048838594402,91.87301587301587,8.126984126984127,10.515064711610279,-10.515064711610275
24031706005,214776.0,250000.0,2000.0,1905.0,1000000.0,1657000.0,16.400342682608855,-4.75,65.7,85.99096191091027,14.009038089089735,87.38346799254195,12.616532007458048,1.39250608163168,-1.3925060816316872
24031706007,201128.0,250000.0,2000.0,3500.0,941500.0,1233100.0,24.298953900003976,75.0,30.971853425385028,97.18126626192542,2.818733738074588,93.98559932232105,6.01440067767895,-3.195666939604365,3.1956669396043615
24031706008,239531.0,250000.0,2000.0,2861.0,1000000.0,1486400.0,4.3706242615778335,43.05,48.64,94.54349000540249,5.456509994597515,96.7741935483871,3.225806451612903,2.230703542984614,-2.230703542984612
24031706009,250000.0,250000.0,2000.0,3500.0,1000000.0,1392300.0,0.0,75.0,39.23,93.58068315665489,6.419316843345111,93.87096774193549,6.129032258064516,0.2902845852806024,-0.2902845852805953
24031706010,127167.0,200278.0,2000.0,,697200.0,885400.0,57.49211666548712,,26.99368904188181,81.97026022304833,18.029739776951672,82.45778611632271,17.5422138836773,0.48752589327438045,-0.48752589327437335
24031706011,197832.0,250000.0,2000.0,3500.0,865800.0,1073400.0,26.36984916494804,75.0,23.977823977823977,95.9093421779989,4.090657822001106,91.93457416807671,8.065425831923294,-3.9747680099221867,3.9747680099221885
24031706012,64909.0,74063.0,1226.0,1721.0,310200.0,348000.0,14.10282087229814,40.37520391517128,12.18568665377176,51.68112798264642,48.318872017353584,64.21596783457782,35.78403216542217,12.534839851931402,-12.534839851931416
24031706013,213438.0,250000.0,2000.0,,938700.0,1180600.0,17.130033077521343,,25.769681474379464,96.40591966173362,3.5940803382663846,89.70099667774086,10.299003322259136,-6.704922983992759,6.704922983992751
