<?xml version="1.0" encoding="UTF-8"?><metadata>
    <idinfo>
        <citation>
            <citeinfo>
                <origin/>
                <pubdate>20121012</pubdate>
                <title>Maryland Transit - WMATA Metro Stops</title>
                <onlink>https://geodata.md.gov/imap/rest/services/Transportation/MD_Transit/FeatureServer/8</onlink>
            </citeinfo>
        </citation>
        <descript>
            <abstract>Metro Stations (regional). The dataset contains points representing locations and attributes of Metro stations, created as part of the DC Geographic Information System (DC GIS) for the D.C. Office of the Chief Technology Officer (OCTO) and participating D.C. government agencies. Platform centroids were identified from visual observation of orthophotography and extracted planimetric data. Centroids were heads-up digitized from the snapbase. This data was downloaded by DoIT staff from http://dcatlas.dcgis.dc.gov/catalog/download.asp?downloadID=2171&amp;amp;downloadTYPE=ESRIThis is a MD iMAP hosted service layer. Find more information at https://imap.maryland.gov.Feature Service Layer Link:https://geodata.md.gov/imap/rest/services/Transportation/MD_Transit/FeatureServer/7</abstract>
            <purpose>Maryland Transit - WMATA Metro Stops</purpose>
        </descript>
        <keywords>
            <theme>
                <themekt>None</themekt>
                <themekey>TRAN</themekey>
                <themekey>Transportation</themekey>
                <themekey>Parking</themekey>
                <themekey>Runways</themekey>
                <themekey>Navigable Waterways</themekey>
                <themekey>Transit</themekey>
                <themekey>Rail</themekey>
                <themekey>Bus</themekey>
                <themekey>Airport</themekey>
                <themekey>Sea Port</themekey>
                <themekey>MTA</themekey>
                <themekey>Maryland Transit Authority</themekey>
                <themekey>WMATA</themekey>
                <themekey>Washington Metropolitan Area Transit Authority</themekey>
                <themekey>Metro</themekey>
                <themekey>Subway</themekey>
                <themekey>Light Rail</themekey>
                <themekey>MARC</themekey>
                <themekey>U.S. BTS</themekey>
                <themekey>United States Bureau of Transportation Statistics</themekey>
                <themekey>WMS</themekey>
                <themekey>WFS</themekey>
                <themekey>KML</themekey>
                <themekey>Maryland</themekey>
                <themekey>MD iMAP</themekey>
                <themekey>MD</themekey>
            </theme>
        </keywords>
        <accconst>None</accconst>
        <useconst>The Spatial Data, and the information therein, (collectively the "Data") is provided "as is" without warranty of any kind, either expressed, implied, or statutory. The user assumes the entire risk as to quality and performance of the Data. No guarantee of accuracy is granted, nor is any responsibility for reliance thereon assumed. In no event shall the State of Maryland be liable for direct, indirect, incidental, consequential or special damages of any kind. The State of Maryland does not accept liability for any damages or misrepresentation caused by inaccuracies in the Data or as a result to changes to the Data, nor is there responsibility assumed to maintain the Data in any manner or form. The Data can be freely distributed as long as the metadata entry is not modified or deleted. Any data derived from the Data must acknowledge the State of Maryland in the metadata.</useconst>
        <datacred>MD iMAP, DC OCTO, WMATA</datacred>
    </idinfo>
    <metainfo>
        <metd>20171120</metd>
        <metc>
            <cntinfo>
                <!--no contact person or organization name available-->
            </cntinfo>
        </metc>
        <metstdn>FGDC Content Standard for Digital Geospatial Metadata</metstdn>
        <metstdv>FGDC-STD-001-1998</metstdv>
        <mettc>local time</mettc>
    </metainfo>
</metadata>
